"rank","tier","symbol","description","score","log2FC","padj","tpm_AAVS1","tpm_KO","surface_score","hpa_pm","surfy","cspa","cd","hpa_location","brain_max_tpm","brain_max_region","brain_ihc_max","other_max_tpm","other_max_tissue","hpa_tissue_specificity","hpa_secretome","known_immunotherapy_target","fda_drug_target","n_drugs","approved_drugs","antibody_drugs","gene_id","type"
1,1,"ANPEP","Alanyl aminopeptidase, membrane",0.677,1.47230731003099,4.67631615497267e-12,2.87594833333333,8.26590033333333,3,TRUE,"surface","1 - high confidence","CD13","Plasma membrane",1.54,"Brain_Cortex","Not detected",1061.39,"Small_Intestine_Terminal_Ileum_Mixed_Cell","Group enriched","",FALSE,FALSE,6,"","","ENSG00000166825.17","protein_coding"
2,2,"NTNG1","Netrin G1",0.832,0.94389720991298,1.44577557852815e-11,9.882352,19.520175,3,TRUE,"surface","1 - high confidence",NA,"Plasma membrane",5.53,"Brain_Frontal_Cortex_BA9",NA,5.06,"Nerve_Tibial","Tissue enhanced","Intracellular and membrane",FALSE,FALSE,0,"","","ENSG00000162631.22","protein_coding"
3,2,"NRP2","Neuropilin 2",0.791,0.465203668659283,4.56239052312555e-08,162.847125333333,229.122291666667,3,TRUE,"surface","1 - high confidence",NA,"Nucleoplasm,Vesicles,Plasma membrane",7.87,"Brain_Hypothalamus","High",76.88,"Colon_Sigmoid","Tissue enhanced","Secreted in other tissues",FALSE,FALSE,0,"","","ENSG00000118257.18","protein_coding"
4,2,"NECTIN3","Nectin cell adhesion molecule 3",0.713,0.361885144534028,0.000258042207093901,47.5732956666667,62.8417866666667,2,FALSE,"surface","1 - high confidence","CD113","Cell Junctions,Cytosol",4.24,"Brain_Spinal_cord_cervical_c-1","Medium",27.41,"Testis","Tissue enhanced","",FALSE,FALSE,0,"","","ENSG00000177707.13","protein_coding"
5,2,"SLC14A1","Solute carrier family 14 member 1 (Kidd blood group)",0.704,0.410984425804766,0.000622012782234886,41.4044446666667,57.067567,3,TRUE,"surface","1 - high confidence",NA,"Plasma membrane",17.7,"Brain_Substantia_nigra","High",40.1,"Artery_Aorta","Tissue enhanced","",FALSE,FALSE,2,"","","ENSG00000141469.20","protein_coding"
6,2,"ALK","ALK receptor tyrosine kinase",0.701,0.492348135434537,8.50481406427051e-05,5.300681,7.72102166666667,2,TRUE,"surface",NA,"CD246","Plasma membrane",1.58,"Brain_Hypothalamus","High",3.37,"Pituitary","Tissue enhanced","",FALSE,TRUE,40,"ENSARTINIB; BRIGATINIB; CRIZOTINIB; ALECTINIB; ENTRECTINIB","","ENSG00000171094.19","protein_coding"
7,2,"CDH2","Cadherin 2",0.698,0.211015922156084,6.97817323002714e-09,378.535222,441.801851333333,3,TRUE,"surface","1 - high confidence","CD325","Plasma membrane,Cell Junctions",19.41,"Brain_Frontal_Cortex_BA9","High",53.76,"Heart_Left_Ventricle","Tissue enhanced","",FALSE,FALSE,0,"","","ENSG00000170558.12","protein_coding"
8,2,"TNFRSF10D","TNF receptor superfamily member 10d",0.689,0.49708996708143,2.88739381764675e-05,10.1044496666667,14.7272266666667,2,TRUE,"surface",NA,"CD264","Plasma membrane,Actin filaments",2.61,"Brain_Substantia_nigra",NA,37.35,"Liver_Portal_Tract","Low tissue specificity","",FALSE,FALSE,0,"","","ENSG00000173530.8","protein_coding"
9,2,"ANO1","Anoctamin 1",0.685,0.465258861249695,1.90553136765696e-06,34.4859456666667,48.7533393333333,2,TRUE,"surface",NA,NA,"Nucleoplasm,Plasma membrane",1.49,"Brain_Cerebellum","Not detected",121.45,"Artery_Aorta","Tissue enhanced","",FALSE,TRUE,20,"CROFELEMER; TANNIC ACID; FLUOXETINE HYDROCHLORIDE","","ENSG00000131620.20","protein_coding"
10,2,"PCDH1","Protocadherin 1",0.671,0.386680557795738,1.60589013907299e-10,63.3976916666667,83.9646966666667,2,FALSE,"surface","1 - high confidence",NA,"Nucleoplasm,Nucleoli,Cell Junctions",28.64,"Brain_Cerebellum","Medium",45.55,"Esophagus_Mucosa","Low tissue specificity","",FALSE,FALSE,0,"","","ENSG00000156453.15","protein_coding"
11,2,"IL13RA2","Interleukin 13 receptor subunit alpha 2",0.667,0.359853324598727,0.00196435510518066,37.610717,50.1194146666667,3,TRUE,"surface","1 - high confidence","CD213a2","Nucleoplasm,Vesicles,Plasma membrane,Cell Junctions",11.53,"Brain_Hypothalamus",NA,52.06,"Testis","Tissue enhanced","",TRUE,FALSE,1,"","","ENSG00000123496.10","protein_coding"
12,2,"CD274","CD274 molecule",0.656,0.385466274334154,0.0206167724618372,10.1539033333333,14.194374,3,TRUE,"surface","1 - high confidence","CD274","Nucleoplasm,Nuclear speckles,Plasma membrane",2.41,"Brain_Hypothalamus","Not detected",25.24,"Lung","Tissue enhanced","Secreted - unknown location",FALSE,TRUE,14,"ATEZOLIZUMAB; DURVALUMAB; AVELUMAB; COSIBELIMAB; SUGEMALIMAB","ATEZOLIZUMAB; DURVALUMAB; SOCAZOLIMAB; PACMILIMAB; ERFONRILIMAB","ENSG00000120217.15","protein_coding"
13,2,"JAG1","Jagged canonical Notch ligand 1",0.653,0.228588958032017,1.84360547245971e-06,116.177049333333,137.681072,3,TRUE,"surface","1 - high confidence","CD339","Golgi apparatus,Plasma membrane",7.37,"Brain_Hypothalamus","Low",216.52,"Artery_Tibial","Low tissue specificity","",FALSE,FALSE,0,"","","ENSG00000101384.14","protein_coding"
14,2,"PHEX","Phosphate regulating endopeptidase X-linked",0.637,0.43514821722799,0.0111711499664973,6.419399,9.282971,2,TRUE,"surface",NA,NA,"Vesicles,Plasma membrane",1.72,"Brain_Spinal_cord_cervical_c-1",NA,3.96,"Lung","Tissue enhanced","",FALSE,FALSE,0,"","","ENSG00000102174.11","protein_coding"
15,2,"CD33","CD33 molecule",0.637,0.680515271188168,0.0333378233949332,3.96665,7.37158233333333,3,TRUE,"surface","1 - high confidence","CD33","Plasma membrane,Cytosol",3.29,"Brain_Spinal_cord_cervical_c-1","Not detected",34.35,"Spleen","Tissue enhanced","",FALSE,TRUE,7,"GEMTUZUMAB OZOGAMICIN","LINTUZUMAB; GEMTUZUMAB OZOGAMICIN; VADASTUXIMAB TALIRINE; GEMTUZUMAB","ENSG00000105383.18","protein_coding"
16,2,"ANO6","Anoctamin 6",0.614,0.29317719195297,0.00270814005607563,20.9713006666667,26.4779596666667,3,TRUE,"surface","1 - high confidence",NA,"Plasma membrane,Cytosol",5.44,"Brain_Spinal_cord_cervical_c-1","High",77.41,"Artery_Aorta","Low tissue specificity","",FALSE,FALSE,0,"","","ENSG00000177119.19","protein_coding"
17,2,"NOTCH3","Notch receptor 3",0.594,0.397280362415638,6.77121494855041e-12,32.7316186666667,43.6397213333333,2,TRUE,"surface",NA,NA,"Nucleoplasm,Plasma membrane",12.86,"Brain_Cortex","Medium",415.75,"Artery_Tibial","Tissue enhanced","",FALSE,FALSE,5,"NIROGACESTAT","ENOTICUMAB; TAREXTUMAB","ENSG00000074181.11","protein_coding"
18,2,"PTPRK","Protein tyrosine phosphatase receptor type K",0.591,0.324483680782094,0.0242135794908257,18.1707313333333,24.0916253333333,3,TRUE,"surface","1 - high confidence",NA,"Vesicles,Plasma membrane,Cell Junctions,Connecting piece,Flagellar centriole",18.68,"Brain_Frontal_Cortex_BA9",NA,27.32,"Liver_Portal_Tract","Low tissue specificity","",FALSE,FALSE,0,"","","ENSG00000152894.17","protein_coding"
19,2,"GPRC5A","G protein-coupled receptor class C group 5 member A",0.577,0.485600970629807,0.025256721462739,9.29141266666667,14.3962166666667,3,TRUE,"surface","1 - high confidence",NA,"Vesicles,Plasma membrane,Primary cilium,Primary cilium tip",0.54,"Brain_Substantia_nigra","Medium",257.96,"Lung","Tissue enhanced","",FALSE,FALSE,0,"","","ENSG00000013588.12","protein_coding"
20,2,"COL6A2","Collagen type VI alpha 2 chain",0.568,0.243336184742575,9.03065479996634e-07,143.749070666667,172.14649,2,TRUE,NA,"1 - high confidence",NA,"Plasma membrane,Cytosol",9.29,"Brain_Cortex","High",1953.88,"Artery_Aorta","Low tissue specificity","Secreted to extracellular matrix",FALSE,FALSE,2,"COLLAGENASE CLOSTRIDIUM HISTOLYTICUM; OCRIPLASMIN","","ENSG00000142173.19","protein_coding"
21,2,"NOTCH2","Notch receptor 2",0.567,0.205095242605709,0.00251364210382872,20.271332,23.8122626666667,3,TRUE,"surface","1 - high confidence",NA,"Nucleoplasm,Golgi apparatus,Plasma membrane",8.66,"Brain_Cortex","Medium",58.42,"Artery_Aorta","Low tissue specificity","",FALSE,FALSE,5,"NIROGACESTAT","TAREXTUMAB; ENOTICUMAB","ENSG00000134250.23","protein_coding"
22,2,"PLXNA2","Plexin A2",0.555,0.578539200374743,0.000897808229471194,3.390731,5.361503,2,FALSE,"surface","1 - high confidence",NA,"",35.05,"Brain_Cerebellum","Medium",32.79,"Lung","Tissue enhanced","",FALSE,FALSE,0,"","","ENSG00000076356.9","protein_coding"
23,2,"LIFR","LIF receptor subunit alpha",0.542,0.429248429485578,0.000381619782381602,4.97756833333333,6.95320833333333,2,FALSE,"surface","1 - high confidence","CD118","",13.69,"Brain_Spinal_cord_cervical_c-1","High",72.17,"Uterus","Low tissue specificity","Intracellular and membrane",FALSE,FALSE,0,"","","ENSG00000113594.12","protein_coding"
24,2,"SLCO1B3","Solute carrier organic anion transporter family member 1B3",0.539,0.240301749942453,0.0398531566249253,23.2788786666667,28.8298476666667,2,TRUE,"surface",NA,NA,"Plasma membrane",0,"Brain_Amygdala","Not detected",51.24,"Liver_Hepatocyte","Tissue enriched","",FALSE,FALSE,7,"CYCLOSPORINE; GLYCYRRHIZIC ACID; RIFAMPIN; RIFAMYCIN SV; GEMFIBROZIL","","ENSG00000111700.15","protein_coding"
25,2,"ITGB5","Integrin subunit beta 5",0.532,0.305055657049087,0.00588722493068939,50.3727483333333,64.5816996666667,3,TRUE,"surface","1 - high confidence",NA,"Plasma membrane,Mitochondria",20.16,"Brain_Spinal_cord_cervical_c-1","Medium",432.98,"Artery_Aorta","Tissue enhanced","",FALSE,FALSE,4,"","ABITUZUMAB; INTETUMUMAB","ENSG00000082781.14","protein_coding"
26,2,"FZD4","Frizzled class receptor 4",0.527,0.523860474926511,0.025256721462739,1.460393,2.330513,3,TRUE,"surface","1 - high confidence","CD344","Nucleoplasm,Plasma membrane,Primary cilium",6.28,"Brain_Cortex","Medium",153.1,"Adipose_Subcutaneous","Tissue enhanced","",FALSE,FALSE,3,"","","ENSG00000174804.5","protein_coding"
27,2,"MYOF","Myoferlin",0.523,0.0980643496380041,0.0382669862647145,119.973759333333,129.614112,3,TRUE,"surface","1 - high confidence",NA,"Vesicles,Plasma membrane,Primary cilium,Primary cilium tip,Centriolar satellite,Basal body",5.12,"Brain_Spinal_cord_cervical_c-1","Medium",96.9,"Bladder","Low tissue specificity","",FALSE,FALSE,0,"","","ENSG00000138119.19","protein_coding"
28,2,"DSG2","Desmoglein 2",0.513,0.216301264328928,0.0457939762252366,11.4467486666667,13.846158,3,TRUE,"surface","1 - high confidence",NA,"Vesicles,Plasma membrane,Cell Junctions",0.11,"Brain_Cerebellum","Not detected",66.05,"Colon_Transverse_Mixed_Cell","Tissue enhanced","",FALSE,FALSE,0,"","","ENSG00000046604.17","protein_coding"
29,2,"PTPRF","Protein tyrosine phosphatase receptor type F",0.501,0.226272638101625,0.000282366888204233,48.7582063333333,57.966659,2,FALSE,"surface","1 - high confidence",NA,"Golgi apparatus",32.52,"Brain_Cortex",NA,117.44,"Skin_Not_Sun_Exposed_Suprapubic","Low tissue specificity","Intracellular and membrane",FALSE,FALSE,1,"","","ENSG00000142949.20","protein_coding"
30,2,"NECTIN1","Nectin cell adhesion molecule 1",0.489,0.417427402249059,0.00269530030063776,16.6105373333333,23.286108,2,FALSE,"surface","1 - high confidence","CD111","",34.36,"Brain_Cortex","Medium",168.5,"Esophagus_Mucosa","Tissue enhanced","Secreted in other tissues",FALSE,FALSE,0,"","","ENSG00000110400.12","protein_coding"
31,2,"SSR1","Signal sequence receptor subunit 1",0.489,0.148258717966787,0.0349628166609733,92.976963,105.030297333333,2,FALSE,"surface","1 - high confidence",NA,"Endoplasmic reticulum",19.46,"Brain_Cerebellar_Hemisphere","Medium",31.84,"Uterus","Low tissue specificity","",FALSE,FALSE,0,"","","ENSG00000124783.16","protein_coding"
32,2,"ALCAM","Activated leukocyte cell adhesion molecule",0.486,0.238260173083578,5.22799747267454e-05,64.4783636666667,77.1804823333333,2,FALSE,"surface","1 - high confidence","CD166","Vesicles",73.57,"Brain_Spinal_cord_cervical_c-1","High",163.99,"Artery_Aorta","Tissue enriched","Secreted to blood",FALSE,FALSE,1,"","PRALUZATAMAB RAVTANSINE","ENSG00000170017.14","protein_coding"
33,2,"ITGA6","Integrin subunit alpha 6",0.482,0.178765892461516,0.00107157039806959,73.6857713333333,84.586252,2,FALSE,"surface","1 - high confidence","CD49f","",13.12,"Brain_Spinal_cord_cervical_c-1","Low",280.11,"Nerve_Tibial","Low tissue specificity","",FALSE,FALSE,0,"","","ENSG00000091409.19","protein_coding"
34,2,"TPBG","Trophoblast glycoprotein",0.482,0.248193977302118,0.00349434000751528,34.0634093333333,41.505814,2,FALSE,"surface","1 - high confidence",NA,"Nucleoplasm",14.83,"Brain_Caudate_basal_ganglia","Medium",161.41,"Esophagus_Muscularis","Low tissue specificity","",FALSE,FALSE,3,"","NAPTUMOMAB ESTAFENATOX; ANATUMOMAB MAFENATOX","ENSG00000146242.11","protein_coding"
35,2,"ADAM23","ADAM metallopeptidase domain 23",0.476,0.305885552212154,0.0353781540644786,12.650341,16.5875533333333,2,TRUE,"surface",NA,NA,"Nucleoplasm,Plasma membrane",39.39,"Brain_Frontal_Cortex_BA9","Medium",19.68,"Nerve_Tibial","Tissue enhanced","Secreted in brain",FALSE,FALSE,0,"","","ENSG00000114948.15","protein_coding"
36,2,"EGFR","Epidermal growth factor receptor",0.465,0.233859742456744,0.0420924049049956,9.53826833333333,11.7183653333333,3,TRUE,"surface","1 - high confidence",NA,"Golgi apparatus,Plasma membrane,Cell Junctions,Primary cilium,Basal body,Mid piece,Principal piece,End piece",7.99,"Brain_Caudate_basal_ganglia","Low",79.56,"Skin_Sun_Exposed_Lower_leg","Tissue enhanced","Secreted to blood",TRUE,TRUE,161,"AFATINIB; OLMUTINIB; OSIMERTINIB MESYLATE; GEFITINIB; LAZERTINIB","FUTUXIMAB; MATUZUMAB; NIMOTUZUMAB; PANITUMUMAB; NECITUMUMAB","ENSG00000146648.23","protein_coding"
37,2,"GFRA1","GDNF family receptor alpha 1",0.461,0.217644213741095,0.0292874840602969,21.9677463333333,26.4362723333333,2,FALSE,"surface","1 - high confidence",NA,"Nucleoplasm,Golgi apparatus",15.37,"Brain_Nucleus_accumbens_basal_ganglia",NA,48.99,"Fallopian_Tube","Low tissue specificity","",FALSE,FALSE,1,"","","ENSG00000151892.18","protein_coding"
38,2,"CD9","CD9 molecule",0.459,0.178733394611222,0.000383992842116686,333.648793333333,382.405415,2,TRUE,"surface",NA,"CD9","Plasma membrane",92.74,"Brain_Spinal_cord_cervical_c-1","High",324.72,"Esophagus_Mucosa","Low tissue specificity","Intracellular and membrane",FALSE,FALSE,0,"","","ENSG00000010278.17","protein_coding"
39,2,"PTPRJ","Protein tyrosine phosphatase receptor type J",0.444,0.217832746759106,0.0429961003764316,8.81306666666667,10.6627176666667,2,FALSE,"surface","1 - high confidence","CD148","Nucleoplasm,Nucleoli,Nuclear bodies,Cell Junctions",8.54,"Brain_Frontal_Cortex_BA9","Low",33.48,"Whole_Blood","Low tissue specificity","Secreted to blood",FALSE,FALSE,1,"","","ENSG00000149177.16","protein_coding"
40,2,"CD68","CD68 molecule",0.441,0.245014288809672,0.0122458915576716,110.788025666667,135.643946666667,2,FALSE,"surface","1 - high confidence","CD68","Golgi apparatus,Vesicles",39.61,"Brain_Spinal_cord_cervical_c-1","High",372.54,"Spleen","Tissue enhanced","",FALSE,FALSE,0,"","","ENSG00000129226.16","protein_coding"
41,2,"ITGA1","Integrin subunit alpha 1",0.441,0.363438673542907,0.0435017925647942,3.40320533333333,4.76478433333333,2,FALSE,"surface","1 - high confidence","CD49a","Endoplasmic reticulum",3.81,"Brain_Spinal_cord_cervical_c-1",NA,100.3,"Esophagus_Muscularis","Low tissue specificity","",FALSE,FALSE,0,"","","ENSG00000213949.11","protein_coding"
42,2,"CPD","Carboxypeptidase D",0.434,0.213438471403884,0.0390348139424144,40.0391633333333,48.1145963333333,2,FALSE,"surface","1 - high confidence",NA,"Nucleoli,Cytosol",27.42,"Brain_Spinal_cord_cervical_c-1","Medium",50.47,"Minor_Salivary_Gland","Low tissue specificity","",FALSE,FALSE,0,"","","ENSG00000108582.14","protein_coding"
43,2,"ADCY3","Adenylate cyclase 3",0.408,0.235975131411846,0.0382669862647145,32.387502,39.8320373333333,2,TRUE,"surface","2 - putative",NA,"Nucleoplasm,Nucleoli,Golgi apparatus,Plasma membrane,Primary cilium,Primary cilium transition zone,Basal body",25.93,"Brain_Cerebellum","Low",92.62,"Nerve_Tibial","Low tissue specificity","",FALSE,FALSE,0,"","","ENSG00000138031.17","protein_coding"
44,2,"SEMA4G","Semaphorin 4G",0.375,0.457951826631165,0.0472913188722007,2.914954,4.542508,2,FALSE,"surface","1 - high confidence",NA,"Vesicles,Lipid droplets",48.35,"Brain_Cerebellum",NA,76.07,"Colon_Transverse_Mucosa","Tissue enhanced","Intracellular and membrane",FALSE,FALSE,0,"","","ENSG00000095539.18","protein_coding"
45,2,"TYRO3","TYRO3 protein tyrosine kinase",0.367,0.168356978910103,0.0408607916074925,45.2452163333333,52.116028,2,FALSE,"surface","1 - high confidence",NA,"",63.35,"Brain_Cerebellar_Hemisphere","High",68.03,"Ovary","Tissue enhanced","",FALSE,FALSE,8,"","","ENSG00000092445.14","protein_coding"
46,2,"PRNP","Prion protein",0.365,0.132776080017689,0.00790736455132165,183.688162,203.695457666667,2,FALSE,"surface","1 - high confidence","CD230","Nuclear membrane,Vesicles,Cytosol",557.9,"Brain_Cerebellar_Hemisphere","High",328.78,"Colon_Sigmoid","Tissue enhanced","",FALSE,FALSE,0,"","","ENSG00000171867.20","protein_coding"
47,2,"GPR176","G protein-coupled receptor 176",0.357,0.278178788045672,0.0449232179544128,8.04752,10.3691556666667,2,FALSE,"surface","1 - high confidence",NA,"",42.83,"Brain_Cerebellar_Hemisphere","High",64.39,"Artery_Aorta","Tissue enhanced","",FALSE,FALSE,0,"","","ENSG00000166073.13","protein_coding"
48,2,"SLC2A3","Solute carrier family 2 member 3",0.283,0.163406008742303,0.0478844814495076,49.705246,57.07788,2,TRUE,"surface",NA,NA,"Plasma membrane",61.12,"Brain_Cerebellar_Hemisphere","Medium",903.73,"Whole_Blood","Tissue enhanced","",FALSE,FALSE,0,"","","ENSG00000059804.20","protein_coding"
49,3,"PIK3AP1","Phosphoinositide-3-kinase adaptor protein 1",0.728,0.552682134190047,1.17210916901546e-23,55.8658673333333,82.7664806666667,1,TRUE,NA,NA,NA,"Nucleoplasm,Plasma membrane,Cytosol",3.21,"Brain_Spinal_cord_cervical_c-1","Not detected",50.06,"Spleen","Tissue enhanced","",FALSE,FALSE,0,"","","ENSG00000155629.17","protein_coding"
50,3,"TFPI2","Tissue factor pathway inhibitor 2",0.711,0.657191210360327,8.12244912366844e-19,86.5894136666667,138.36147,1,FALSE,NA,"1 - high confidence",NA,"",1.18,"Brain_Hypothalamus","Not detected",209.57,"Liver_Portal_Tract","Tissue enriched","Secreted to extracellular matrix",FALSE,FALSE,0,"","","ENSG00000105825.16","protein_coding"
51,3,"CEP55","Centrosomal protein 55",0.711,0.28450406349691,4.49542064953052e-06,104.112189666667,128.759717,1,TRUE,NA,NA,NA,"Plasma membrane,Midbody,Primary cilium,Centriolar satellite,Cytosol,Connecting piece,Principal piece",0.17,"Brain_Spinal_cord_cervical_c-1","Low",21.48,"Testis","Tissue enhanced","",FALSE,FALSE,0,"","","ENSG00000138180.18","protein_coding"
52,3,"PCDHB8","Protocadherin beta 8",0.686,0.276735012803499,0.000137164592128873,46.7649806666667,57.7962196666667,1,FALSE,"surface",NA,NA,"",0.5,"Brain_Cerebellum",NA,1.98,"Testis","Low tissue specificity","",FALSE,FALSE,0,"","","ENSG00000120322.5","protein_coding"
53,3,"LOX","Lysyl oxidase",0.667,0.731748296632506,2.2876193709807e-08,7.59797566666667,12.9947853333333,1,FALSE,NA,"1 - high confidence",NA,"Endoplasmic reticulum",1.44,"Brain_Cerebellum",NA,44.24,"Artery_Aorta","Low tissue specificity","Secreted to extracellular matrix",FALSE,FALSE,2,"","","ENSG00000113083.17","protein_coding"
54,3,"MFAP5","Microfibril associated protein 5",0.662,0.323408058702493,7.91311622992289e-11,255.918911,323.703141333333,1,FALSE,NA,"1 - high confidence",NA,"",0.46,"Brain_Nucleus_accumbens_basal_ganglia","Not detected",242.52,"Nerve_Tibial","Tissue enhanced","Secreted to extracellular matrix",FALSE,FALSE,0,"","","ENSG00000197614.13","protein_coding"
55,3,"TNFRSF10A","TNF receptor superfamily member 10a",0.655,0.860910632955423,3.55272109432714e-05,4.04560333333333,7.77063733333333,1,FALSE,"surface",NA,"CD261","",1.73,"Brain_Spinal_cord_cervical_c-1","Low",27.16,"Small_Intestine_Terminal_Ileum_Lymphode_Aggregate","Low tissue specificity","",FALSE,FALSE,4,"","DULANERMIN; MAPATUMUMAB","ENSG00000104689.12","protein_coding"
56,3,"TMEM171","Transmembrane protein 171",0.655,0.468842702654806,7.65478215955149e-05,39.4164153333333,56.404926,1,FALSE,"surface",NA,NA,"",1.36,"Brain_Putamen_basal_ganglia","Low",73.53,"Colon_Transverse_Mixed_Cell","Group enriched","",FALSE,FALSE,0,"","","ENSG00000157111.15","protein_coding"
57,3,"EREG","Epiregulin",0.654,0.232003794590829,0.000206843831347288,54.9398703333333,65.5738383333333,1,FALSE,"surface",NA,NA,"Vesicles,Cytosol",0.09,"Brain_Anterior_cingulate_cortex_BA24",NA,21.22,"Liver_Portal_Tract","Tissue enriched","Secreted to blood",FALSE,FALSE,1,"","","ENSG00000124882.5","protein_coding"
58,3,"YES1","YES proto-oncogene 1, Src family tyrosine kinase",0.635,0.322058589730213,1.88231317892047e-08,72.5948843333333,91.9645603333333,1,TRUE,NA,NA,NA,"Plasma membrane,Cytosol",17.9,"Brain_Spinal_cord_cervical_c-1","Medium",31.52,"Adipose_Subcutaneous","Low tissue specificity","",FALSE,TRUE,17,"IBRUTINIB; DASATINIB ANHYDROUS","","ENSG00000176105.16","protein_coding"
59,3,"VCAN","Versican",0.632,0.530488682252341,1.36228639717431e-08,85.880844,126.571269333333,1,FALSE,NA,"1 - high confidence",NA,"Vesicles,Mid piece,Principal piece,End piece",8.24,"Brain_Amygdala","High",225.28,"Artery_Aorta","Tissue enhanced","Secreted to blood",FALSE,FALSE,0,"","","ENSG00000038427.17","protein_coding"
60,3,"HS6ST2","Heparan sulfate 6-O-sulfotransferase 2",0.622,0.648715754898612,3.84366540572035e-07,6.51512033333333,10.529959,1,TRUE,"nonsurface",NA,NA,"Golgi apparatus,Plasma membrane",12.95,"Brain_Nucleus_accumbens_basal_ganglia",NA,18.96,"Ovary","Tissue enhanced","Intracellular and membrane",FALSE,FALSE,0,"","","ENSG00000171004.19","protein_coding"
61,3,"RGS3","Regulator of G protein signaling 3",0.619,0.337085299210522,2.89274705514324e-05,67.9032933333333,87.579713,1,TRUE,NA,NA,NA,"Plasma membrane",11.24,"Brain_Spinal_cord_cervical_c-1",NA,48.3,"Artery_Aorta","Tissue enhanced","",FALSE,FALSE,0,"","","ENSG00000138835.25","protein_coding"
62,3,"GALNT10","Polypeptide N-acetylgalactosaminyltransferase 10",0.617,0.869363829764406,7.91857812652439e-08,5.86992133333333,11.1190793333333,1,TRUE,"nonsurface",NA,NA,"Nucleoplasm,Golgi apparatus,Plasma membrane",6.61,"Brain_Substantia_nigra","Medium",58.24,"Ovary","Tissue enhanced","Intracellular and membrane",FALSE,FALSE,0,"","","ENSG00000164574.18","protein_coding"
63,3,"SLC1A3","Solute carrier family 1 member 3",0.606,0.826037144985163,2.14909378501305e-14,14.2659636666667,25.8143896666667,1,FALSE,"surface","2 - putative",NA,"Nucleoli,Vesicles",209.21,"Brain_Anterior_cingulate_cortex_BA24","High",18.12,"Adipose_Visceral_Omentum","Group enriched","",FALSE,FALSE,2,"","","ENSG00000079215.17","protein_coding"
64,3,"BMP2","Bone morphogenetic protein 2",0.606,0.522116000807628,0.000686218450940927,7.078311,10.6570723333333,1,TRUE,NA,NA,NA,"Nucleoplasm,Vesicles,Plasma membrane,Primary cilium,Primary cilium tip,Primary cilium transition zone,Basal body,Cytosol",1.74,"Brain_Hypothalamus",NA,32.56,"Liver_Portal_Tract","Low tissue specificity","Secreted to blood",FALSE,FALSE,0,"","","ENSG00000125845.9","protein_coding"
65,3,"EMP1","Epithelial membrane protein 1",0.605,0.351231979251548,1.97581613659492e-15,213.901942333333,275.260815,1,FALSE,"surface","2 - putative",NA,"Vesicles",7.65,"Brain_Spinal_cord_cervical_c-1",NA,1242.57,"Esophagus_Mucosa","Tissue enhanced","",FALSE,FALSE,0,"","","ENSG00000134531.12","protein_coding"
66,3,"PLAT","Plasminogen activator, tissue type",0.602,0.558633554239351,3.10949841959734e-11,29.7830973333333,44.6545316666667,1,FALSE,NA,"1 - high confidence",NA,"Actin filaments",15.62,"Brain_Substantia_nigra","Medium",89.29,"Bladder","Tissue enhanced","Secreted to blood",FALSE,TRUE,2,"6-AMINOCAPROIC ACID","","ENSG00000104368.21","protein_coding"
67,3,"DOCK4","Dedicator of cytokinesis 4",0.599,0.531888794429575,8.83049916521983e-07,14.0975676666667,20.9273876666667,1,TRUE,"nonsurface",NA,NA,"Nucleoli,Golgi apparatus,Plasma membrane,Cytosol",20.38,"Brain_Nucleus_accumbens_basal_ganglia",NA,33.92,"Lung","Tissue enhanced","",FALSE,FALSE,0,"","","ENSG00000128512.25","protein_coding"
68,3,"FZD3","Frizzled class receptor 3",0.563,0.511974870068051,0.00319097358934039,5.92902233333333,9.00945,1,FALSE,"surface",NA,NA,"Nucleoplasm,Nuclear membrane,Vesicles",10.36,"Brain_Cerebellar_Hemisphere","High",9.81,"Artery_Tibial","Tissue enhanced","",FALSE,FALSE,0,"","","ENSG00000104290.13","protein_coding"
69,3,"RNF128","Ring finger protein 128",0.559,0.227404868270531,0.00279158854549634,58.775388,70.3121056666667,1,FALSE,"surface",NA,NA,"",5.9,"Brain_Hypothalamus",NA,33.58,"Adrenal_Gland","Tissue enhanced","",FALSE,FALSE,0,"","","ENSG00000133135.16","protein_coding"
70,3,"TMEM158","Transmembrane protein 158",0.552,0.308934021389764,5.38572824152393e-13,1002.65859433333,1253.68113533333,1,FALSE,"surface",NA,NA,"",97.02,"Brain_Nucleus_accumbens_basal_ganglia","High",110.82,"Uterus","Tissue enhanced","",FALSE,FALSE,0,"","","ENSG00000249992.2","protein_coding"
71,3,"IGFBP3","Insulin like growth factor binding protein 3",0.546,0.201385324086223,8.66671292225222e-11,1049.09806533333,1214.79786833333,1,FALSE,NA,"1 - high confidence",NA,"Vesicles",9,"Brain_Hypothalamus",NA,334.95,"Cervix_Endocervix","Tissue enhanced","Secreted to blood",FALSE,FALSE,0,"","","ENSG00000146674.18","protein_coding"
72,3,"LAYN","Layilin",0.544,0.31515357550511,0.000957247415025841,35.381872,45.2718906666667,1,FALSE,"surface",NA,NA,"Cytosol",10.15,"Brain_Spinal_cord_cervical_c-1","Medium",52.23,"Stomach_Muscularis","Low tissue specificity","",FALSE,FALSE,0,"","","ENSG00000204381.14","protein_coding"
73,3,"DYNC2H1","Dynein cytoplasmic 2 heavy chain 1",0.544,0.373039674134397,0.0104967710479052,5.67127233333333,7.75889666666667,1,FALSE,NA,"1 - high confidence",NA,"Nucleoplasm,Mitochondria,Cytosol,Mid piece,Principal piece",4.2,"Brain_Cerebellum","High",10.04,"Ovary","Tissue enhanced","",FALSE,FALSE,0,"","","ENSG00000187240.19","protein_coding"
74,3,"FLNC","Filamin C",0.533,0.851082008209929,1.5609319872082e-33,12.908198,23.5238713333333,1,TRUE,NA,NA,NA,"Plasma membrane,Cytosol",21.4,"Brain_Spinal_cord_cervical_c-1","Not detected",1014.45,"Muscle_Skeletal","Tissue enhanced","",FALSE,FALSE,0,"","","ENSG00000128591.19","protein_coding"
75,3,"MYLK","Myosin light chain kinase",0.533,0.293620186936268,5.10238054689451e-11,177.514890666667,219.804451333333,1,TRUE,NA,NA,NA,"Plasma membrane,Actin filaments",29.17,"Brain_Spinal_cord_cervical_c-1","Not detected",263.17,"Esophagus_Muscularis","Tissue enhanced","",FALSE,FALSE,3,"","","ENSG00000065534.22","protein_coding"
76,3,"ADD2","Adducin 2",0.529,0.283084660780444,0.000411069362368306,37.5507486666667,46.7520693333333,1,TRUE,NA,NA,NA,"Nucleoplasm,Plasma membrane,Cytosol",61.01,"Brain_Cerebellar_Hemisphere","High",5.67,"Pituitary","Tissue enhanced","",FALSE,FALSE,0,"","","ENSG00000075340.25","protein_coding"
77,3,"EGF","Epidermal growth factor",0.529,1.11591289522254,0.036254165744702,0.677261333333333,2.000198,1,FALSE,"surface",NA,NA,"",0.54,"Brain_Frontal_Cortex_BA9",NA,42,"Kidney_Medulla","Group enriched","",FALSE,TRUE,0,"","","ENSG00000138798.15","protein_coding"
78,3,"PHACTR2","Phosphatase and actin regulator 2",0.526,0.43357506901059,0.0155408608404214,2.57227733333333,3.72431566666667,1,TRUE,NA,NA,NA,"Golgi apparatus,Plasma membrane",2.08,"Brain_Frontal_Cortex_BA9","High",23.31,"Adrenal_Gland","Tissue enhanced","",FALSE,FALSE,0,"","","ENSG00000112419.17","protein_coding"
79,3,"RAPH1","Ras association (RalGDS/AF-6) and pleckstrin homology domains 1",0.511,0.273210000375097,0.0194657402135998,8.774217,11.050569,1,TRUE,NA,NA,NA,"Nuclear bodies,Plasma membrane,Cytosol",1.82,"Brain_Cerebellum","Medium",10.62,"Thyroid","Tissue enhanced","",FALSE,FALSE,0,"","","ENSG00000173166.20","protein_coding"
80,3,"MYO1E","Myosin IE",0.51,0.357337364471238,0.00438416754290965,23.0680596666667,30.783365,1,TRUE,NA,NA,NA,"Nucleoplasm,Plasma membrane,Cytosol",17.26,"Brain_Spinal_cord_cervical_c-1","Medium",42.85,"Artery_Tibial","Low tissue specificity","",FALSE,FALSE,0,"","","ENSG00000157483.11","protein_coding"
81,3,"OLFML2A","Olfactomedin like 2A",0.507,0.374131076510774,0.00658226659078397,8.17424733333333,11.1166376666667,1,FALSE,NA,"1 - high confidence",NA,"Nucleoplasm,Golgi apparatus,Vesicles",1.49,"Brain_Cortex","Medium",77.98,"Cervix_Endocervix","Low tissue specificity","Secreted - unknown location",FALSE,FALSE,0,"","","ENSG00000185585.22","protein_coding"
82,3,"MICAL3","Microtubule associated monooxygenase, calponin and LIM domain containing 3",0.498,0.36625147874387,0.000631676391363623,20.6968133333333,27.540186,1,TRUE,NA,NA,NA,"Nucleoplasm,Plasma membrane,Midbody ring,Cytosol",61.07,"Brain_Cerebellum","High",38.2,"Fallopian_Tube","Low tissue specificity","",FALSE,FALSE,0,"","","ENSG00000243156.10","protein_coding"
83,3,"CCDC88A","Coiled-coil domain containing 88A",0.494,0.235588528480552,0.000939843544272013,32.388458,38.892255,1,TRUE,NA,NA,NA,"Nucleoplasm,Plasma membrane,Centrosome,Basal body",25.94,"Brain_Spinal_cord_cervical_c-1","Low",29.25,"Testis","Tissue enhanced","",FALSE,FALSE,0,"","","ENSG00000115355.20","protein_coding"
84,3,"ANXA1","Annexin A1",0.487,0.207873532088772,6.34669487317613e-08,598.178219666667,697.596841333333,1,TRUE,NA,NA,NA,"Nucleoplasm,Plasma membrane,Cytosol",17.23,"Brain_Spinal_cord_cervical_c-1","Medium",3766.31,"Esophagus_Mucosa","Tissue enhanced","Secreted to blood",FALSE,TRUE,0,"","","ENSG00000135046.17","protein_coding"
85,3,"TPD52L1","TPD52 like 1",0.484,0.601301402491307,0.000411069362368306,25.5110806666667,40.8439843333333,1,TRUE,NA,NA,NA,"Plasma membrane,Cell Junctions,Cytosol",66.43,"Brain_Nucleus_accumbens_basal_ganglia","Medium",120.57,"Adrenal_Gland","Tissue enhanced","",FALSE,FALSE,0,"","","ENSG00000111907.22","protein_coding"
86,3,"TMTC2","Transmembrane O-mannosyltransferase targeting cadherins 2",0.481,0.717297501122032,0.0140035871567984,0.92362,1.719012,1,TRUE,"nonsurface",NA,NA,"Plasma membrane,Actin filaments",22.93,"Brain_Spinal_cord_cervical_c-1",NA,22.83,"Colon_Sigmoid","Low tissue specificity","",FALSE,FALSE,0,"","","ENSG00000179104.10","protein_coding"
87,3,"DSEL","Dermatan sulfate epimerase like",0.481,0.349383970667728,0.0191344240498186,2.91999966666667,3.94958566666667,1,TRUE,NA,NA,NA,"Nucleoplasm,Plasma membrane",8.28,"Brain_Spinal_cord_cervical_c-1",NA,14.44,"Artery_Aorta","Low tissue specificity","",FALSE,FALSE,0,"","","ENSG00000171451.17","protein_coding"
88,3,"BCAR3","BCAR3 adaptor protein, NSP family member",0.481,0.301518563758452,0.0398785840050074,12.5076243333333,16.393856,1,TRUE,NA,NA,NA,"Plasma membrane,Centrosome,Cytosol",6.18,"Brain_Caudate_basal_ganglia","High",18.46,"Nerve_Tibial","Low tissue specificity","",FALSE,FALSE,0,"","","ENSG00000137936.20","protein_coding"
89,3,"AHNAK2","AHNAK nucleoprotein 2",0.475,0.152548504918563,0.00287829015451539,125.373033,140.866275666667,1,TRUE,NA,NA,NA,"Plasma membrane,Cytosol",7.3,"Brain_Cerebellum","High",118.66,"Skin_Sun_Exposed_Lower_leg","Tissue enhanced","",FALSE,FALSE,0,"","","ENSG00000185567.8","protein_coding"
90,3,"ETNK1","Ethanolamine kinase 1",0.474,0.374853550914717,0.0143951184139821,15.9656383333333,22.006678,1,TRUE,NA,NA,NA,"Nucleoplasm,Plasma membrane,Cytosol",22.12,"Brain_Cerebellar_Hemisphere","Medium",40.21,"Liver_Portal_Tract","Low tissue specificity","",FALSE,FALSE,0,"","","ENSG00000139163.18","protein_coding"
91,3,"PAK1","P21 (RAC1) activated kinase 1",0.467,0.249173881930808,3.01245001852955e-05,94.980481,114.662898333333,1,TRUE,NA,NA,NA,"Plasma membrane,Cytosol",170.15,"Brain_Frontal_Cortex_BA9","High",82.18,"Whole_Blood","Tissue enhanced","",FALSE,FALSE,10,"","","ENSG00000149269.12","protein_coding"
92,3,"THBS1","Thrombospondin 1",0.467,0.248942667437324,0.00107157039806959,32.058845,38.9393163333333,1,TRUE,NA,"2 - putative",NA,"Endoplasmic reticulum,Plasma membrane",1.61,"Brain_Spinal_cord_cervical_c-1","Medium",542.89,"Stomach_Muscularis","Low tissue specificity","Secreted to extracellular matrix",FALSE,FALSE,1,"","TSP-1 MIMETIC FUSION PROTEIN CVX-045","ENSG00000137801.13","protein_coding"
93,3,"ARVCF","ARVCF delta catenin family member",0.464,0.700898277889054,5.19815861523869e-05,9.66995966666667,16.494416,1,TRUE,NA,NA,NA,"Plasma membrane,Cell Junctions",166.77,"Brain_Cerebellum","Medium",105.03,"Pancreas_Islets","Tissue enhanced","",FALSE,FALSE,0,"","","ENSG00000099889.16","protein_coding"
94,3,"ATP2B1","ATPase plasma membrane Ca2+ transporting 1",0.462,0.293738614571315,0.00435934327941829,43.8663733333333,55.5507823333333,1,TRUE,NA,NA,NA,"Plasma membrane",75.26,"Brain_Cerebellar_Hemisphere","High",38.19,"Small_Intestine_Terminal_Ileum_Lymphode_Aggregate","Tissue enhanced","",FALSE,TRUE,0,"","","ENSG00000070961.19","protein_coding"
95,3,"ZFP90","ZFP90 zinc finger protein",0.452,0.321869302479844,0.0382669862647145,17.289935,23.168858,1,TRUE,NA,NA,NA,"Vesicles,Plasma membrane,Centrosome",20.04,"Brain_Cerebellar_Hemisphere",NA,24.69,"Small_Intestine_Terminal_Ileum_Lymphode_Aggregate","Low tissue specificity","",FALSE,FALSE,0,"","","ENSG00000184939.17","protein_coding"
96,3,"AKT3","AKT serine/threonine kinase 3",0.451,0.301590160466631,0.0069771638538372,16.429928,21.0235246666667,1,TRUE,NA,NA,NA,"Nucleoplasm,Golgi apparatus,Plasma membrane,Primary cilium,Basal body,Cytosol",26.23,"Brain_Cerebellar_Hemisphere","High",41.2,"Artery_Tibial","Low tissue specificity","",FALSE,FALSE,27,"CAPIVASERTIB; EVEROLIMUS","","ENSG00000117020.20","protein_coding"
97,3,"GNG2","G protein subunit gamma 2",0.45,0.360912974192715,0.00172681409566634,13.039909,17.372688,1,TRUE,NA,NA,NA,"Vesicles,Plasma membrane",40.13,"Brain_Hypothalamus",NA,55.07,"Nerve_Tibial","Tissue enhanced","",FALSE,FALSE,0,"","","ENSG00000186469.11","protein_coding"
98,3,"ANGPTL4","Angiopoietin like 4",0.445,0.327604413170735,0.0012291679024861,35.3184046666667,45.7001843333333,1,FALSE,NA,"1 - high confidence",NA,"Nucleoplasm,Vesicles",23.6,"Brain_Caudate_basal_ganglia","Not detected",231.48,"Adipose_Subcutaneous","Tissue enhanced","Secreted to blood",FALSE,FALSE,0,"","","ENSG00000167772.14","protein_coding"
99,3,"CACNG7","Calcium voltage-gated channel auxiliary subunit gamma 7",0.445,0.335996250561014,0.0108037576818952,15.263593,20.207828,1,FALSE,"surface",NA,NA,"",134.08,"Brain_Cerebellum",NA,12.79,"Pituitary","Tissue enriched","",FALSE,TRUE,9,"GABAPENTIN ENACARBIL; SULOCTIDIL; GABAPENTIN; PREGABALIN; BEPRIDIL HYDROCHLORIDE","","ENSG00000105605.9","protein_coding"
100,3,"BCR","BCR activator of RhoGEF and GTPase",0.44,0.352666971255728,0.00388403426769388,11.0217656666667,14.6794136666667,1,TRUE,"nonsurface",NA,NA,"Nucleoplasm,Plasma membrane,Cytosol",53.9,"Brain_Nucleus_accumbens_basal_ganglia","High",36.59,"Nerve_Tibial","Low tissue specificity","",FALSE,TRUE,12,"DASATINIB ANHYDROUS; IMATINIB; PONATINIB HYDROCHLORIDE; ASCIMINIB HYDROCHLORIDE; PONATINIB","","ENSG00000186716.23","protein_coding"
101,3,"ARPC5","Actin related protein 2/3 complex subunit 5",0.439,0.162207708677226,0.00221403237603534,208.270063666667,236.181628,1,TRUE,NA,NA,NA,"Vesicles,Plasma membrane,Cell Junctions,Cytosol",37.99,"Brain_Spinal_cord_cervical_c-1","Medium",88.19,"Whole_Blood","Low tissue specificity","",FALSE,FALSE,0,"","","ENSG00000162704.17","protein_coding"
102,3,"USP53","Ubiquitin specific peptidase 53",0.439,0.365458995326839,0.0086729820041807,14.679757,19.8636733333333,1,TRUE,NA,NA,NA,"Plasma membrane,Cytosol",9.91,"Brain_Spinal_cord_cervical_c-1",NA,205.21,"Nerve_Tibial","Low tissue specificity","",FALSE,FALSE,0,"","","ENSG00000145390.14","protein_coding"
103,3,"GPRIN1","G protein regulated inducer of neurite outgrowth 1",0.439,0.268653992731832,0.0124712538419516,15.9584046666667,19.9431856666667,1,TRUE,NA,NA,NA,"Vesicles,Plasma membrane",45.51,"Brain_Cerebellar_Hemisphere","High",16.46,"Pituitary","Tissue enhanced","",FALSE,FALSE,0,"","","ENSG00000169258.9","protein_coding"
104,3,"SHISAL1","Shisa like 1",0.436,0.653588377027854,0.00265369179089354,1.46057333333333,2.47361466666667,1,FALSE,"surface",NA,NA,"Vesicles,Cytosol",34.91,"Brain_Anterior_cingulate_cortex_BA24",NA,76.33,"Uterus","Tissue enhanced","",FALSE,FALSE,0,"","","ENSG00000138944.9","protein_coding"
105,3,"RFLNB","Refilin B",0.434,0.381726399362118,0.0342127786766865,6.14429166666667,8.68529233333333,1,TRUE,NA,NA,NA,"Plasma membrane,Actin filaments,Cytosol",9.63,"Brain_Spinal_cord_cervical_c-1","Low",55.38,"Whole_Blood","Tissue enhanced","",FALSE,FALSE,0,"","","ENSG00000183688.4","protein_coding"
106,3,"CDC42BPA","CDC42 binding protein kinase alpha",0.433,0.223943445293015,0.00620541265184625,23.0589773333333,27.5850796666667,1,TRUE,NA,NA,NA,"Plasma membrane,Cytosol",39.54,"Brain_Cerebellar_Hemisphere","Medium",31.18,"Bladder","Low tissue specificity","",FALSE,FALSE,2,"","","ENSG00000143776.22","protein_coding"
107,3,"SLC6A8","Solute carrier family 6 member 8",0.425,0.162941015997567,0.000621583456945818,191.730666,217.134428666667,1,FALSE,"surface","2 - putative",NA,"",78.55,"Brain_Cerebellum",NA,86.78,"Colon_Sigmoid","Low tissue specificity","",FALSE,TRUE,1,"","","ENSG00000130821.19","protein_coding"
108,3,"PLS3","Plastin 3",0.424,0.214738713576902,5.04946343320638e-05,118.757583666667,139.601243,1,TRUE,NA,NA,NA,"Plasma membrane,Cytosol",42.55,"Brain_Spinal_cord_cervical_c-1","Medium",783.13,"Artery_Aorta","Tissue enhanced","",FALSE,FALSE,0,"","","ENSG00000102024.21","protein_coding"
109,3,"SNRK","SNF related kinase",0.424,0.134260993773016,0.00335746391985052,152.858184,169.54569,1,TRUE,NA,NA,NA,"Nucleoplasm,Vesicles,Plasma membrane,Cell Junctions",50.79,"Brain_Cerebellar_Hemisphere",NA,53.7,"Adipose_Subcutaneous","Low tissue specificity","",FALSE,FALSE,0,"","","ENSG00000163788.16","protein_coding"
110,3,"SWAP70","Switching B cell complex subunit SWAP70",0.416,0.200295015529074,0.0129353600889542,43.3688623333333,51.0433833333333,1,TRUE,NA,NA,NA,"Plasma membrane,Actin filaments",17.99,"Brain_Spinal_cord_cervical_c-1","Not detected",70.48,"Adipose_Subcutaneous","Low tissue specificity","",FALSE,FALSE,0,"","","ENSG00000133789.17","protein_coding"
111,3,"PTX3","Pentraxin 3",0.413,0.529543326178961,0.043623728286823,4.002252,6.635792,1,TRUE,NA,NA,NA,"Plasma membrane",3.3,"Brain_Cerebellar_Hemisphere","Low",120.22,"Adipose_Visceral_Omentum","Tissue enhanced","Secreted to blood",FALSE,FALSE,0,"","","ENSG00000163661.6","protein_coding"
112,3,"SLC16A3","Solute carrier family 16 member 3",0.404,0.132718728108303,0.0372545033778821,207.565789666667,231.254492333333,1,TRUE,NA,NA,NA,"Nuclear membrane,Plasma membrane",7.87,"Brain_Spinal_cord_cervical_c-1","High",202.61,"Whole_Blood","Tissue enhanced","",FALSE,FALSE,1,"","","ENSG00000141526.20","protein_coding"
113,3,"KIF17","Kinesin family member 17",0.404,1.03912220955757,0.0497590412408702,0.500647666666667,1.44922466666667,1,TRUE,NA,NA,NA,"Nucleoplasm,Plasma membrane,Primary cilium tip,Basal body,Cytosol,Acrosome,Principal piece",13.57,"Brain_Frontal_Cortex_BA9","Not detected",66.81,"Testis","Tissue enriched","",FALSE,FALSE,0,"","","ENSG00000117245.15","protein_coding"
114,3,"DIO2","Iodothyronine deiodinase 2",0.4,0.645338824275254,0.0233831958472143,3.00563066666667,5.364981,1,TRUE,"nonsurface",NA,NA,"Nucleoplasm,Vesicles,Plasma membrane",24.32,"Brain_Anterior_cingulate_cortex_BA24",NA,88.11,"Thyroid","Tissue enhanced","",FALSE,FALSE,0,"","","ENSG00000211448.15","protein_coding"
115,3,"BAIAP2L1","BAR/IMD domain containing adaptor protein 2 like 1",0.4,0.191155045136879,0.0487295928132166,31.6631026666667,37.4014693333333,1,TRUE,NA,NA,NA,"Plasma membrane,Cytosol",1.11,"Brain_Spinal_cord_cervical_c-1","Medium",84.07,"Stomach_Mucosa","Tissue enhanced","",FALSE,FALSE,0,"","","ENSG00000006453.16","protein_coding"
116,3,"FBXW11","F-box and WD repeat domain containing 11",0.397,0.191663526891632,0.00869335867147007,41.1997216666667,48.057689,1,TRUE,NA,NA,NA,"Nucleoplasm,Vesicles,Plasma membrane",54.27,"Brain_Cerebellar_Hemisphere","Medium",42.24,"Artery_Tibial","Low tissue specificity","",FALSE,FALSE,0,"","","ENSG00000072803.20","protein_coding"
117,3,"UTRN","Utrophin",0.397,0.233905376583773,0.0435017925647942,25.9055646666667,31.8220523333333,1,TRUE,NA,NA,NA,"Nucleoplasm,Plasma membrane,Primary cilium,Basal body",12.77,"Brain_Nucleus_accumbens_basal_ganglia","High",54.86,"Nerve_Tibial","Low tissue specificity","",FALSE,FALSE,1,"","","ENSG00000152818.21","protein_coding"
118,3,"MSN","Moesin",0.395,0.161014381079546,0.00015998076139213,260.463623333333,294.118245666667,1,TRUE,NA,NA,NA,"Plasma membrane",84.96,"Brain_Spinal_cord_cervical_c-1","High",375.2,"Lung","Low tissue specificity","",FALSE,FALSE,0,"","","ENSG00000147065.20","protein_coding"
119,3,"FHL1","Four and a half LIM domains 1",0.395,0.288978015848442,0.000239937289468088,76.0414323333333,95.0104883333333,1,TRUE,NA,NA,NA,"Plasma membrane,Cytosol",107.97,"Brain_Cerebellar_Hemisphere","Not detected",2135.12,"Muscle_Skeletal","Group enriched","",FALSE,FALSE,0,"","","ENSG00000022267.21","protein_coding"
120,3,"RGMB","Repulsive guidance molecule BMP co-receptor b",0.395,0.151732897299011,0.0133244081723772,66.3396483333333,74.858286,1,FALSE,"surface",NA,NA,"Nucleoplasm",22.08,"Brain_Cerebellar_Hemisphere",NA,71.96,"Esophagus_Muscularis","Low tissue specificity","",FALSE,FALSE,0,"","","ENSG00000174136.15","protein_coding"
121,3,"PDLIM1","PDZ and LIM domain 1",0.395,0.264973612402221,0.0227729214761645,38.397445,48.1632973333333,1,TRUE,NA,NA,NA,"Plasma membrane,Cell Junctions,Actin filaments",9.97,"Brain_Spinal_cord_cervical_c-1","Medium",390.43,"Lung","Tissue enhanced","",FALSE,FALSE,0,"","","ENSG00000107438.11","protein_coding"
122,3,"NHERF2","SLC9A3 regulator 2",0.392,0.191471869989269,0.00204443464956468,198.352122666667,230.257272666667,1,TRUE,NA,NA,NA,"Plasma membrane",72.2,"Brain_Cerebellar_Hemisphere","High",247.51,"Lung","Tissue enhanced","",FALSE,FALSE,0,"","","ENSG00000065054.16","protein_coding"
123,3,"ACTN1","Actinin alpha 1",0.375,0.168893883078358,0.00375531824710891,225.675769333333,257.408448333333,1,TRUE,NA,NA,NA,"Plasma membrane,Actin filaments,Focal adhesion sites,Primary cilium,Primary cilium transition zone,Cytosol",41.99,"Brain_Nucleus_accumbens_basal_ganglia","High",706.66,"Artery_Aorta","Tissue enhanced","",FALSE,TRUE,0,"","","ENSG00000072110.19","protein_coding"
124,3,"NIBAN1","Niban apoptosis regulator 1",0.375,0.232789023450837,0.0345784852150522,14.5916593333333,17.832771,1,TRUE,NA,NA,NA,"Plasma membrane,Cytosol",2.02,"Brain_Spinal_cord_cervical_c-1","Medium",228.32,"Stomach_Muscularis","Tissue enhanced","",FALSE,FALSE,0,"","","ENSG00000135842.19","protein_coding"
125,3,"COL6A1","Collagen type VI alpha 1 chain",0.369,0.197921546675652,5.77769051863182e-05,160.667834,186.506897,1,FALSE,NA,"1 - high confidence",NA,"Cytosol",360.11,"Brain_Cerebellum","Low",2386.75,"Colon_Transverse_Muscularis","Low tissue specificity","Secreted to extracellular matrix",FALSE,FALSE,2,"OCRIPLASMIN; COLLAGENASE CLOSTRIDIUM HISTOLYTICUM","","ENSG00000142156.18","protein_coding"
126,3,"NHSL3","KIAA1522",0.366,0.254146983296186,0.00797275780862972,16.1538906666667,19.870312,1,TRUE,NA,NA,NA,"Nucleoplasm,Plasma membrane,Cell Junctions",26.03,"Brain_Cortex","Medium",123.13,"Skin_Sun_Exposed_Lower_leg","Low tissue specificity","",FALSE,FALSE,0,"","","ENSG00000162522.13","protein_coding"
127,3,"TXNIP","Thioredoxin interacting protein",0.36,0.180761588112518,0.000209984584211449,150.102535333333,172.260082333333,1,TRUE,NA,NA,NA,"Plasma membrane,Cytosol",163.44,"Brain_Spinal_cord_cervical_c-1","Low",3214.85,"Small_Intestine_Terminal_Ileum_Lymphode_Aggregate","Low tissue specificity","",FALSE,FALSE,0,"","","ENSG00000265972.8","protein_coding"
128,3,"TRIB1","Tribbles pseudokinase 1",0.358,0.253966246703756,0.0360147553526291,14.701295,18.3800176666667,1,TRUE,NA,NA,NA,"Plasma membrane,Cytosol",10.51,"Brain_Cerebellum",NA,158.24,"Thyroid","Tissue enhanced","",FALSE,FALSE,0,"","","ENSG00000173334.5","protein_coding"
129,3,"CSDE1","Cold shock domain containing E1",0.357,0.163526311745738,0.000481301682688709,166.746435,188.858506333333,1,TRUE,NA,NA,NA,"Endoplasmic reticulum,Golgi apparatus,Plasma membrane,Cytosol",171.23,"Brain_Spinal_cord_cervical_c-1","Medium",717.65,"Muscle_Skeletal","Tissue enhanced","",FALSE,FALSE,0,"","","ENSG00000009307.19","protein_coding"
130,3,"COL5A2","Collagen type V alpha 2 chain",0.357,0.169517586189134,0.0340453546186194,33.9533113333333,39.0880193333333,1,FALSE,NA,"1 - high confidence",NA,"",12.28,"Brain_Frontal_Cortex_BA9",NA,118.47,"Cervix_Endocervix","Low tissue specificity","Secreted to extracellular matrix",FALSE,FALSE,2,"COLLAGENASE CLOSTRIDIUM HISTOLYTICUM; OCRIPLASMIN","","ENSG00000204262.16","protein_coding"
131,3,"EZR","Ezrin",0.348,0.186591715832482,0.00147087316186564,87.4914896666667,101.09293,1,TRUE,NA,NA,NA,"Plasma membrane",104.64,"Brain_Caudate_basal_ganglia","High",358.24,"Esophagus_Mucosa","Low tissue specificity","",FALSE,FALSE,0,"","","ENSG00000092820.21","protein_coding"
132,3,"PPP1R3C","Protein phosphatase 1 regulatory subunit 3C",0.331,0.375914520212058,0.0162930441513153,8.81617333333333,12.1721246666667,1,TRUE,NA,NA,NA,"Nucleoplasm,Plasma membrane,Cytosol",46.17,"Brain_Caudate_basal_ganglia",NA,287.44,"Artery_Tibial","Tissue enhanced","",FALSE,FALSE,0,"","","ENSG00000119938.10","protein_coding"
133,3,"LCP1","Lymphocyte cytosolic protein 1",0.311,0.649140445686717,0.0403234205767844,1.66575233333333,3.07381833333333,1,TRUE,NA,NA,NA,"Plasma membrane,Actin filaments,Cytosol",20.11,"Brain_Spinal_cord_cervical_c-1","Not detected",1516.99,"Whole_Blood","Tissue enhanced","",FALSE,FALSE,0,"","","ENSG00000136167.17","protein_coding"
134,3,"JUP","Junction plakoglobin",0.307,0.134458926095369,0.0237492035741044,123.925357333333,138.00963,1,TRUE,NA,NA,NA,"Vesicles,Plasma membrane,Cell Junctions",33.41,"Brain_Cerebellum","Medium",1221.12,"Skin_Sun_Exposed_Lower_leg","Tissue enhanced","",FALSE,FALSE,0,"","","ENSG00000173801.19","protein_coding"
135,3,"RASSF2","Ras association domain family member 2",0.305,0.365446278046139,0.0125193167462233,6.53414966666667,8.89339066666667,1,TRUE,NA,NA,NA,"Nucleoplasm,Golgi apparatus,Plasma membrane,Cytosol",420.79,"Brain_Spinal_cord_cervical_c-1",NA,156.69,"Whole_Blood","Tissue enhanced","",FALSE,FALSE,0,"","","ENSG00000101265.18","protein_coding"
136,3,"C14orf132","Chromosome 14 open reading frame 132",0.296,0.262541476628532,0.0242135794908257,7.85609433333333,9.83555966666667,1,FALSE,"surface",NA,NA,"",171.36,"Brain_Cerebellum",NA,62.18,"Stomach_Muscularis","Tissue enhanced","",FALSE,FALSE,0,"","","ENSG00000227051.8","protein_coding"
137,3,"FURIN","Furin, paired basic amino acid cleaving enzyme",0.281,0.149099944036176,0.037354971282251,56.4089296666667,63.765589,1,FALSE,"surface",NA,NA,"Nucleoplasm,Golgi apparatus",58.86,"Brain_Cerebellum","High",204.39,"Liver_Mixed_Cell","Tissue enhanced","Intracellular and membrane",FALSE,FALSE,4,"","","ENSG00000140564.15","protein_coding"
138,3,"SERINC1","Serine incorporator 1",0.28,0.153469253651128,0.0131255500587429,108.684554333333,122.803056,1,FALSE,"surface","2 - putative",NA,"Cytosol",652.2,"Brain_Spinal_cord_cervical_c-1",NA,387.88,"Artery_Tibial","Low tissue specificity","",FALSE,FALSE,0,"","","ENSG00000111897.9","protein_coding"
139,3,"CXCR4","C-X-C motif chemokine receptor 4",0.236,0.146263621512619,0.043623728286823,109.882633333333,124.040768,1,FALSE,"surface",NA,"CD184","",67.7,"Brain_Spinal_cord_cervical_c-1",NA,1506.44,"Small_Intestine_Terminal_Ileum_Lymphode_Aggregate","Tissue enhanced","",FALSE,TRUE,37,"MOTIXAFORTIDE; PLERIXAFOR; MAVORIXAFOR","ULOCUPLUMAB","ENSG00000121966.8","protein_coding"
