"gene_id","symbol","type","chr","baseMean","log2FC","lfcSE","log2FC_mle","stat","pvalue","padj","tpm_AAVS1","tpm_KO","norm_KO-1","norm_KO-2","norm_KO-3","norm_AAVS1-1","norm_AAVS1-2","norm_AAVS1-3","tpm_KO-1","tpm_KO-2","tpm_KO-3","tpm_AAVS1-1","tpm_AAVS1-2","tpm_AAVS1-3","direction"
"ENSG00000166825.17","ANPEP","protein_coding","chr15",174.045949494824,1.47230731003099,0.201043869408312,1.52462208524048,7.72327072739851,1.13382000209272e-14,4.67631615497267e-12,2.87594833333333,8.26590033333333,268.5,258.3,247.6,86.7,109.7,73.7,8.52,8.23,8.04,2.79,3.51,2.33,"up"
"ENSG00000310789.1","ENSG00000310789","lncRNA","chr17",18.3144920584682,8.24710802195768,2.70691541789892,7.70406692696336,5.91153757267037,3.38928930702308e-09,4.69777722801314e-07,0,1.70825833333333,34.6,25.4,49.9,0,0,0,1.6,1.18,2.34,0,0,0,"up"
"ENSG00000268790.5","ENSG00000268790","protein_coding","chr19",8.81986231685699,6.8087240966638,2.6505264653824,6.64305994668044,4.67798063338847,2.89713901259597e-06,0.000215061646308112,0,6.76155133333333,11.6,26.1,15.2,0,0,0,4.41,9.89,5.98,0,0,0,"up"
"ENSG00000287431.2","RENO1","lncRNA","chr17",47.723461909303,1.47380163398499,0.4113689229717,1.67066732216869,4.38496726530998,1.16003221544481e-05,0.000698083443529242,0.696950333333333,2.21119566666667,69.2,50.7,97.8,22.1,28,18.5,2.11,1.53,3,0.68,0.84,0.57,"up"
"ENSG00000285292.1","ABCF2-H2BK1","protein_coding","chr7",11.596529094744,3.50704808625981,1.08463602681385,4.09051938773676,3.95760198949129,7.57059661121908e-05,0.00349434000751528,0.058478,0.955541,15.7,20.8,29.2,0,0,3.9,0.69,0.88,1.3,0,0,0.18,"up"
"ENSG00000182836.12","PLCXD3","protein_coding","chr5",23.5453291218199,1.78079473118851,0.60082856869614,2.11095194309268,3.9051967712791,9.41487458553141e-05,0.00417862281473323,0.130287333333333,0.516692333333333,46.2,34.7,31.8,6.1,9.4,13,0.63,0.47,0.44,0.08,0.13,0.18,"up"
"ENSG00000079841.21","RIMS1","protein_coding","chr6",25.5978190086837,1.20763538219016,0.552365858424045,1.56305131719946,3.34442672121955,0.000824528083749952,0.0232379498270195,0.340492,1.00498666666667,41,33,40.6,10.7,16.3,12,1.07,0.86,1.08,0.28,0.43,0.31,"up"
"ENSG00000049192.16","ADAMTS6","protein_coding","chr5",28.7506418470064,1.21215439346516,0.577177191108043,1.58744437008327,3.31087159724611,0.000930058746120223,0.025256721462739,0.225248666666667,0.683011666666667,60,25.3,44.3,16.7,11.4,14.8,0.94,0.4,0.71,0.26,0.18,0.23,"up"
"ENSG00000138798.15","EGF","protein_coding","chr4",52.0211342494435,1.11591289522254,0.627697786712738,1.54423811467898,3.17495064987608,0.00149861986135699,0.036254165744702,0.677261333333333,2.000198,33.3,114.8,85.1,25.4,15.7,37.9,0.85,2.91,2.25,0.66,0.41,0.97,"up"
"ENSG00000275180.3","ENSG00000275180","lncRNA","chr12",13.7790457151144,1.48315537035805,0.865465237553757,2.07784936259636,3.11301291794136,0.00185187911854029,0.0416981037210604,0.389344666666667,1.63240366666667,18.2,16.3,32.2,6.3,6.5,3.1,1.32,1.19,2.39,0.46,0.48,0.23,"up"
"ENSG00000223695.2","MYH9-DT","lncRNA","chr22",16.7242179406443,1.3055845735899,0.771174618621615,1.84144683074865,3.10536519411805,0.00190044225911386,0.0425085695788563,0.782538333333333,2.71210066666667,24.5,27.3,26.2,11.2,4.6,6.5,2.52,2.79,2.83,1.21,0.48,0.66,"up"
"ENSG00000117245.15","KIF17","protein_coding","chr1",26.7506633074438,1.03912220955757,0.671193990628344,1.5110386994061,3.04036800571838,0.00236289237826249,0.0497590412408702,0.500647666666667,1.44922466666667,58.5,36,24.7,13.1,15.1,13,2.12,1.31,0.92,0.48,0.55,0.47,"up"
