"pathway","pval","padj","log2err","ES","NES","size","leadingEdge","ranking","main"
"HALLMARK_INTERFERON_ALPHA_RESPONSE",1.58568245294433e-13,5.63230536458511e-12,0.943632225232838,-0.693074169553023,-2.68959185373738,91,"BST2;IFI27;IFITM3;OAS1;LGALS3BP;IFITM1;RSAD2;HLA-C;IFIT3;PARP14;ISG15;PARP9;HELZ2;DHX58;IFI44;UBA7;SAMD9L;MX1;PLSCR1;OASL;CNP;IFIH1;LAP3;IFI44L;IRF9;IFITM2;DDX60;CMPK2;PARP12;ADAR;IRF1;RNF31;IFIT2;PSMB8;PSME2;UBE2L6;LAMP3;PNPT1;IFI35;IL7;NMI;IFI30;HERC6;GMPR;STAT2;TENT5A;B2M","wald_stat",NA
"HALLMARK_OXIDATIVE_PHOSPHORYLATION",2.25292214583405e-13,5.63230536458511e-12,0.943632225232838,-0.553883385348361,-2.43195636541031,198,"ACO2;COX6A1;ATP5MF;CYCS;ATP6V0C;ECH1;SLC25A6;NDUFB1;SLC25A5;RHOT2;ATP5PB;PMPCA;PDHB;COX8A;UQCR11;ACADVL;ATP5MC1;COX7B;CYC1;ATP5F1A;UQCRQ;MRPL11;ETFB;NDUFS7;NNT;ATP5MC3;ATP5F1D;LDHA;MDH1;NDUFA3;NDUFS2;COX6B1;POLR2F;ECI1;NDUFV1;OXA1L;OGDH;UQCRFS1;ISCA1;NDUFA7;MRPL35;ATP5F1E;FXN;HADHB;NDUFS6;ATP5PD;ATP6AP1;ATP5F1B;NDUFA6;NDUFB5;NDUFB7;ATP6V1G1;IDH3A;COX5A;PDP1;UQCRB;COX5B;MRPS22;NDUFB8;TIMM8B;HCCS;NDUFC1;UQCR10;HSPA9;AIFM1;IMMT;ATP6V1H;PRDX3;GPX4;DLST;VDAC3;LDHB;DLD;MRPS11;ATP6V0B;PDHA1;BAX;ACAA1;ATP6V1F;NDUFV2;COX10;MRPL34;ATP6V1C1;NDUFB6;MRPL15;POR;NDUFA9;ALDH6A1;PDHX;MRPS12;ATP5F1C;ATP1B1;NDUFB2;IDH3G;IDH3B;MTRR;NDUFA1;BCKDHA;ATP5ME","wald_stat",NA
"HALLMARK_INTERFERON_GAMMA_RESPONSE",1.16519613395153e-11,1.94199355658588e-10,0.875325132024659,-0.564921241766821,-2.41113932132414,161,"BST2;IFI27;IFITM3;TMT1B;HLA-B;LGALS3BP;RSAD2;IFIT1;IFIT3;HLA-A;PARP14;TAPBP;CMKLR1;OAS2;ISG15;HELZ2;HIF1A;STAT3;MT2A;STAT1;DHX58;XAF1;IFI44;SAMD9L;PML;OAS3;MX1;PLSCR1;OASL;RIGI;MYD88;IFIH1;LAP3;IFI44L;MTHFD2;IRF9;IFITM2;DDX60;CMPK2;ICAM1;PARP12;ADAR;IRF1;C1R;RNF31;SERPING1;PFKP;IFIT2;PSMB8;PSME2;UBE2L6;PNPT1;IFI35;IL7;RBCK1;NMI;IFI30;HERC6","wald_stat",NA
"HALLMARK_TNFA_SIGNALING_VIA_NFKB",5.13199066172759e-09,6.41498832715949e-08,0.761460801445585,0.48248733290519,2.14314416929987,177,"SERPINE1;TNFAIP3;DUSP1;DUSP5;JAG1;CCN1;CCND1;BMP2;TRIP10;ATP2B1;GFPT2;EGR1;MCL1;FOSL2;PTPRE;GADD45B;IER3;KLF6;TRIB1;SOD2;PTX3;SLC2A3;PDLIM5;KDM6B;RIPK2;FOSB;IER2;DRAM1;HES1;PLAUR;NR4A1;SQSTM1;JUNB;PLAU;F2RL1;PTGS2;SPHK1;ATF3;TNFAIP8;TGIF1;PANX1;SAT1;TIPARP;HBEGF;LDLR;KLF9;SGK1;BTG3;ABCA1;BIRC2;BHLHE40;SMAD3;KLF2;TNIP1;RELA;SPSB1;PMEPA1;TNIP2;EGR3;BCL2A1;CD44;BCL6;PNRC1;MYC;MXD1;CSF1;IL15RA;NAMPT;ZFP36","wald_stat",NA
"HALLMARK_HYPOXIA",9.34887104450114e-07,9.34887104450114e-06,0.659444398037935,0.441353282709025,1.96501915595437,174,"SERPINE1;TNFAIP3;DUSP1;IGFBP3;LOX;NDRG1;ERRFI1;CAV1;GBE1;CCN1;CITED2;NR3C1;ANGPTL4;TPBG;SLC25A1;FOSL2;PPP1R3C;IER3;KLF6;EGFR;CXCR4;ERO1A;P4HA1;SLC2A3;PDGFB;AKAP12;PLAUR;KDELR3;SLC6A6;STC1;KLF7;FOXO3;PGF;PRKCA;KDM3A;ATF3;NDST1;TIPARP;GPC4;PYGM;P4HA2;CDKN1B;GPI;BHLHE40;ALDOC;ATP7A;DDIT3;PKP1;PGK1;RRAGD;KIF5A","wald_stat",NA
"HALLMARK_APOPTOSIS",2.48319830220549e-06,2.06933191850458e-05,0.627256739718528,0.464341632466262,2.00444964848766,139,"EMP1;PLAT;TIMP3;ANXA1;CAV1;H1-0;PAK1;CCND1;EREG;TXNIP;BMP2;MCL1;GADD45B;SATB1;IER3;SOD2;PTK2;NEDD9;ETF1;DPYD;SQSTM1;ROCK1;ANKH;BID;F2R;BCL2L11;BCL2L2;ATF3;MMP2;SAT1;TGFB2;BMF;BTG3;IGFBP6;CDKN1B;CYLD;DNAJA1;DDIT3;ERBB3;RELA;FEZ1;EGR3;PPT1;CD44;SLC20A1","wald_stat",NA
"HALLMARK_TGF_BETA_SIGNALING",9.56725389559503e-06,6.83375278256788e-05,0.593325476396405,0.587454651107445,2.13103139484973,52,"SERPINE1;BMP2;THBS1;ID1;FURIN;BCAR3;SMURF2;SPTBN1;JUNB;TGFB1;BMPR2;SKIL;APC;TGIF1;UBE2D3;HIPK2;LTBP2;TJP1;SMAD3;PMEPA1;SLC20A1;MAP3K7;FNTA;CDKN1C","wald_stat",NA
"HALLMARK_KRAS_SIGNALING_UP",2.30273285015763e-05,0.000143920803134852,0.575610261071129,0.436202407580826,1.88849751440856,146,"TNFAIP3;EMP1;TMEM158;PLAT;IGFBP3;ANO1;EREG;BMP2;ANGPTL4;GFPT2;PRRX1;CBL;SATB1;JUP;TRIB1;BTBD3;LCP1;CXCR4;ERO1A;GNG11;RABGAP1L;AKAP12;PLAUR;MMP10;ANKH;KCNN4;HDAC9;PLAU;F2RL1;PTGS2;TRIB2;ALDH1A3;PDCD1LG2;ITGA2;HBEGF;ALDH1A2;USP12;PEG3;KIF5C;IL33;CDADC1;CCSER2;CAB39L;PRELID3B","wald_stat",NA
"HALLMARK_UV_RESPONSE_DN",0.000159364723654147,0.000801301661066743,0.518848077743792,0.412860577742166,1.7811341556223,136,"SERPINE1;DUSP1;APBB2;CAV1;MGLL;CCN1;CITED2;INPP4B;NR3C1;NOTCH2;ID1;ATP2B1;CDC42BPA;AKT3;COL5A2;SNAI2;NR1D2;LPAR1;PDLIM5;DDAH1;MET;MAPK14;ZMIZ1;ADGRL2;RGS4;PRKCA;NEK7;IRS1;LDLR;BDNF;COL1A1;CDKN1B;PHF3;PTEN;BHLHE40;TJP1;SMAD3;ATXN1;PTPN21;DYRK1A;MYC;KCNMA1;RXRA;DBP;ATP2B4;SLC7A1;PRDM2;ITGB3","wald_stat",NA
"HALLMARK_IL2_STAT5_SIGNALING",0.000160260332213349,0.000801301661066743,0.518848077743792,0.399761822076896,1.74609991522535,157,"EMP1;NDRG1;ALCAM;COL6A1;BMP2;ITGA6;CAPG;MYO1E;PRNP;ODC1;SWAP70;GADD45B;KLF6;FURIN;P4HA1;SLC2A3;RABGAP1L;CDCP1;SPRY4;ST3GAL4;BMPR2;COCH;SNX9;SPRED2;GUCY1B1;GABARAPL1;LRRC8C;AHNAK;PLPP1;UCK2;SNX14;ENPP1;HIPK2;PHTF2;DHRS3;BHLHE40;PTCH1;PLEC;RRAGD;CD44;PLAGL1;MYC;PIM1;MXD1;CSF1;SOCS1;CDKN1C;NCOA3","wald_stat",NA
"HALLMARK_HEME_METABOLISM",0.000895882449850077,0.00401124034387828,0.477270815362862,0.36484409575381,1.60317532836063,162,"ELL2;CTSB;SLC7A11;H1-0;MBOAT2;ADD2;NR3C1;SLC6A8;SDCBP;KLF3;BMP2K;LRP10;PICALM;TCEA1;KDM7A;FOXO3;MPP1;SLC11A2;CAT;VEZF1;NEK7;MARK3;ALAD;GCLC;GMPS;P4HA2;BACH1;CPOX;PPOX;SLC10A3;MARCHF2;DCAF11;DAAM1;LPIN2;GAPVD1;OPTN;FTCD;BLVRA;BPGM;GDE1;ACSL6;FBXO7;NUDT4;EPOR","wald_stat",NA
"HALLMARK_COAGULATION",0.000962697682530788,0.00401124034387828,0.477270815362862,0.431162949815363,1.74847811492815,92,"SERPINE1;TFPI2;PLAT;CTSB;TIMP3;ANXA1;MMP1;CD9;THBS1;FURIN;S100A13;P2RY1;PDGFB;ANG;MMP10;KLF7;FBN1;PLAU;CAPN2;ITGA2;MMP2;CAPN5","wald_stat",NA
"HALLMARK_EPITHELIAL_MESENCHYMAL_TRANSITION",0.00123588083134198,0.00475338781285377,0.45505986738723,-0.374664384317997,-1.61433186670915,176,"SERPINE2;SCG2;THY1;TNC;FN1;NNMT;CDH11;THBS2;SNTB1;SERPINH1;GPC1;DST;SPARC;PDLIM4;POSTN;MXRA5;PFN2;TNFRSF11B;LOXL1;HTRA1;TGM2;MEST;ITGB1;IGFBP2;DAB2;EDIL3;CXCL12;COL5A3;PPIB;FZD8;LAMC1;BGN;ITGAV;PLOD3;TNFRSF12A;CDH6;COL11A1;APLP1;MGP;PDGFRB;SFRP1;GAS1;COL5A1;PMP22;OXTR;LAMA1;IGFBP4;COL4A2","wald_stat",NA
"HALLMARK_ANDROGEN_RESPONSE",0.00476936032297033,0.017033429724894,0.407017918923954,0.399962895964185,1.61474198728731,91,"ELL2;NDRG1;H1-0;CCND1;LMAN1;LIFR;INPP4B;ACTN1;SEC24D;PDLIM5;AKAP12;ANKH;UAP1;ZMIZ1;CAMKK2;ALDH1A3;XRCC5;TNFAIP8;ARID5B;SAT1;PLPP1;SGK1;PGM3;CDC14B;SCD;ELK4;PMEPA1;FKBP5;PTPN21","wald_stat",NA
"HALLMARK_APICAL_SURFACE",0.00546864162555027,0.0182288054185009,0.407017918923954,-0.548294367991884,-1.76049869346212,33,"THY1;DCBLD2;SHROOM2;SRPX;CX3CL1;EPHB4;FLOT2;CRYBG1;GAS1;MAL","wald_stat",NA
"HALLMARK_NOTCH_SIGNALING",0.00686123942514057,0.0214413732035643,0.407017918923954,0.530521489424058,1.71158911301218,30,"NOTCH3;JAG1;CCND1;NOTCH2;FBXW11;HES1;PRKCA;WNT5A;PSENEN;SKP1;LFNG;DLL1;ST3GAL6","wald_stat",NA
"HALLMARK_GLYCOLYSIS",0.0112448344652555,0.0330730425448693,0.380730400722792,0.324551675925276,1.44455977556002,178,"IGFBP3;VCAN;HS6ST2;FUT8;CITED2;PYGB;ANGPTL4;TPBG;AK3;HS2ST1;IER3;SLC16A3;EGFR;CXCR4;ERO1A;P4HA1;SDC1;MET;ANG;PYGL;KDELR3;STC1;TPST1;LHX9;GPC4;CAPN5;GCLC;CHST6;EXT2;TGFA;P4HA2;CHST1;FKBP4;DSC2;GNPDA1;GALK2;IDH1;PGK1;RRAGD","wald_stat",NA
"HALLMARK_HEDGEHOG_SIGNALING",0.0121134846172634,0.0336485683812872,0.380730400722792,-0.561680852934833,-1.79125574643316,32,"SCG2;THY1;CDK6;L1CAM;PML;DPYSL2;RTN1;HEY1","wald_stat",NA
"HALLMARK_G2M_CHECKPOINT",0.016391583021983,0.0431357447946922,0.352487857583619,-0.313924537160559,-1.37878739326679,199,"KPNA2;UBE2C;HMGN2;MEIS2;HIF1A;PLK1;MT2A;SLC7A5;ATF5;PML;ABL1;CDK4;CDC25B;SFPQ;CENPA;KPNB1;DMD;MYBL2;LMNB1;H2AX;SQLE;RBM14;CENPF;SLC38A1;KIF20B;DTYMK;SRSF2;NUMA1;KIF22;CDC27;CDKN3;CDKN2C;AURKA;EWSR1;SMC4;NCL;SRSF10;HMMR;FBXO5;KIF2C;BIRC5;KIF23;AMD1;STMN1;NASP;PBK;SYNCRIP;MKI67;KIF15;TLE3;KNL1;INCENP;AURKB;BRCA2;GINS2;HMGB3;TACC3;JPT1;LBR;ORC6;BUB3;H2AZ1","wald_stat",NA
"HALLMARK_COMPLEMENT",0.0180098983759248,0.0450247459398119,0.352487857583619,0.336405516090608,1.44775642392009,140,"SERPINE1;TNFAIP3;TFPI2;PLAT;CTSB;DUSP5;DOCK4;GNG2;PHEX;S100A13;CD55;PDGFB;ANG;PLAUR;DGKH;HSPA1A;CD59;ANXA5;GRB2;KCNIP2;CALM1","wald_stat",NA
"HALLMARK_APICAL_JUNCTION",0.0225481548651979,0.053686083012376,0.352487857583619,0.322243991557539,1.39892654745862,153,"FLNC;PCDH1;VCAN;SKAP2;MSN;NECTIN3;LAYN;NECTIN1;ACTN1;AKT3;CD274;JUP;ADAM23;CD99;EGFR;PTK2;EXOC4;ITGA3;ACTG1;MAPK14;TRO;FBN1;ITGA2;RAC2;EPB41L2;IRS1;MMP2;RRAS;ARHGEF6;MPZL1","wald_stat",NA
"HALLMARK_KRAS_SIGNALING_DN",0.024949314646332,0.0567029878325727,0.352487857583619,-0.360329936427796,-1.39832142683795,91,"RSAD2;KLHDC8A;TFCP2L1;MX1;IGFBP2;IFI44L;ZNF112;TENM2;PTGFR;NPY4R;COQ8A;SPRR3;GPRC5C;GDNF;ALOX12B;KCNN1;DTNB;THRB;SLC30A3;CAMK1D;HSD11B2;CCDC106","wald_stat",NA
"HALLMARK_REACTIVE_OXYGEN_SPECIES_PATHWAY",0.0287113994354982,0.0608296592331027,0.352487857583619,0.432479942830535,1.52335972376459,44,"PRDX1;TXNRD1;PRNP;FTL;PDLIM1;SOD2;SRXN1;JUNB;CAT;GCLC;MBP","wald_stat",NA
"HALLMARK_MITOTIC_SPINDLE",0.0302841148716659,0.0608296592331027,0.352487857583619,0.289527198163105,1.30013462346113,198,"DOCK4;CCDC88A;EZR;NOTCH2;BCR;MYO1E;CDC42BPA;SMC3;ANLN;TRIO;PDLIM5;NEDD9;SPTBN1;SMC1A;ABI1;FLNB;ROCK1;CDC42EP4;RFC1;RACGAP1;PCGF5;BCL2L11;KIF11;MID1;CLIP1;BIN1;EPB41L2;APC;RANBP9;PAFAH1B1;RASAL2;RICTOR;WASF2;SUN2;CNTRL;PREX1;KIFAP3;ARHGEF7;RASA1","wald_stat",NA
"HALLMARK_ADIPOGENESIS",0.0304148296165513,0.0608296592331027,0.352487857583619,-0.307128695127799,-1.33074871390098,180,"DHCR7;ITGA7;SCARB1;ACO2;APLP2;ELOVL6;COX6A1;APOE;PLIN2;CRAT;CAVIN2;C3;PFKFB3;STOM;ECH1;COX8A;UQCR11;COX7B;CYC1;UQCRQ;ETFB;ELMOD3;SLC25A10;CDKN2C;JAGN1;ATP1B3;PIM3;UCP2;MTARC2;VEGFB;NDUFB7;IDH3A;ANGPT1;MTCH2;REEP6;ADCY6;SAMM50;UQCR10;AIFM1;IMMT;ATL2;MCCC1;PRDX3;PPM1B;GPX4","wald_stat",NA
"HALLMARK_P53_PATHWAY",0.0321141362950167,0.0617579544134936,0.321775918075361,0.30213972410829,1.34636971918948,183,"ZFP36L1;NDRG1;SLC7A11;H1-2;TXNIP;TPD52L1;BMP2;IRAK1;PTPRE;HSPA4L;IER3;SDC1;PLXNB2;PROCR;DRAM1;TGFB1;FOXO3;F2R;CCNK;RAP2B;SPHK1;ATF3;CYFIP2;SAT1;HBEGF;EPHA2;TGFA;SERPINB5;RACK1;EI24;CDH13;DDIT3;TCN2","wald_stat",NA
"HALLMARK_MYOGENESIS",0.0429421547097629,0.0795225087217831,0.321775918075361,0.314952357384295,1.35957256017783,139,"MYLK;IGFBP3;COL6A2;KLF5;FHL1;TPD52L1;SLC6A8;ITGB5;PRNP;MEF2A;GADD45B;PPP1R3C;HDAC5;PLXNB2;TGFB1;KIFC3;SMTN;SPHK1;BIN1;NCAM1;PYGM;HBEGF;ABLIM1;COL1A1;ACSL1;ADCY9;ACHE;CDH13;FGF2;BHLHE40;SCD;ERBB3;OCEL1","wald_stat",NA
"HALLMARK_INFLAMMATORY_RESPONSE",0.0468164794007491,0.0816048840330355,0.287857117255149,-0.330118623457856,-1.35418841071719,126,"BST2;CD82;PCDH7;IFITM1;SLC4A4;CALCRL;DCBLD2;TAPBP;CMKLR1;HIF1A;APLNR;CX3CL1;TNFRSF1B;KCNMB2;NOD2;ICAM1;ACVR2A;IRF1","wald_stat",NA
"HALLMARK_XENOBIOTIC_METABOLISM",0.0473308327391606,0.0816048840330355,0.321775918075361,0.307477629914052,1.33383886015754,144,"SERPINE1;MAN1A1;JUP;PDLIM5;IL1R1;BCAT1;CYP27A1;SLC6A6;NPC1;CAT;GABARAPL1;TPST1;PTGES3;DHRS7;CYFIP2;TGFB2;GCLC;EPHA2;CBR1;PTGES;COMT;AOX1;TMBIM6;SLC12A4;IDH1;UGDH;LPIN2","wald_stat",NA
"HALLMARK_PANCREAS_BETA_CELLS",0.0670731707317073,0.111788617886179,0.248911114434702,0.518361561973324,1.44234610416329,18,"PAK3;AKT3;PAX6;SRPRB","wald_stat",NA
"HALLMARK_IL6_JAK_STAT3_SIGNALING",0.0715667311411992,0.115430211518063,0.234392647294686,-0.387262945547912,-1.37641813097369,55,"A2M;TNFRSF21;STAT3;STAT1;PDGFC;TNFRSF1B;MYD88;IRF9;TNFRSF12A;IRF1","wald_stat",NA
"HALLMARK_PROTEIN_SECRETION",0.0812379110251451,0.126934235976789,0.219250346703755,-0.327417599727716,-1.27716500096684,93,"CTSC;DST;CD63;AP2M1;ICA1;RER1;TPD52;SEC22B;AP2S1;LAMP2;TMED10;ARFGEF1;IGF2R;GLA;COPE;COG2;NAPA;DNM1L;VPS45;ANP32E;GNAS;TSG101;GBF1;KRT18;YIPF6;M6PR;ATP6V1H;DOP1A","wald_stat",NA
"HALLMARK_BILE_ACID_METABOLISM",0.116033755274262,0.175808720112518,0.190023305279108,0.312364506906586,1.23673192359842,81,"DIO2;BCAR3;SLC23A2;NEDD4;CYP27A1;AR;NPC1;CAT;PECR;PEX26;LONP2;CYP46A1;ABCA1;ACSL1;IDH1;ISOC1;ATXN1;PEX6;OPTN;ABCG4;RXRA;NUDT12;PNPLA8;PEX7;ABCD3","wald_stat",NA
"HALLMARK_ALLOGRAFT_REJECTION",0.12753036437247,0.182789651293588,0.176694268938498,0.282392353974128,1.1877350447535,109,"ST8SIA4;EREG;RPS3A;CAPG;IL11;RPL9;EGFR;RIPK2;BCAT1;ABI1;TLR6;TGFB1;DEGS1;ABCE1;HDAC9;F2R;TGFB2;EIF3A;ACHE;RPL39;AARS1;APBB1;EIF3J;DARS1;MAP3K7;ETS1;CSF1;EIF3D;SOCS1;ELF4;BCL10","wald_stat",NA
"HALLMARK_ANGIOGENESIS",0.127952755905512,0.182789651293588,0.173747838999571,0.428341591142334,1.31919940083389,26,"VCAN;JAG1;COL5A2;PTK2;MSX1;STC1","wald_stat",NA
"HALLMARK_MTORC1_SIGNALING",0.133333333333333,0.185185185185185,0.166933848713193,-0.271635848118105,-1.18480453661902,193,"IGFBP5;CTSC;DHCR7;CALR;SERPINH1;G6PD;TMEM97;PLK1;SLC7A5;ELOVL6;PPIA;DHCR24;MAP2K3;CYB5B;MTHFD2;MLLT11;SQLE;TOMM40;ATP5MC1;EGLN3;LDHA;ENO1;COPS5;GLA;NFYC;AURKA;FKBP2;EBP;IFI30;ASNS;PDK1;HSPA5;HSP90B1;TRIB3;SRD5A1;RDH11;HSPA9;M6PR;IMMT;NFKBIB","wald_stat",NA
"HALLMARK_PI3K_AKT_MTOR_SIGNALING",0.14639175257732,0.197826692672053,0.165656695205483,0.291360323686719,1.18154203588867,92,"MAPK1;PTPN11;GSK3B;EGFR;CXCR4;E2F1;SQSTM1;PIKFYVE;MAPK9;RPS6KA1;ACTR2;CLTC;GRB2;UBE2D3;ACTR3;CDKN1B;RALB;CAB39L;PTEN;DDIT3;MAPK8;SMAD2;ECSIT;MAP2K6;ITPR2;MAP3K7","wald_stat",NA
"HALLMARK_UV_RESPONSE_UP",0.154166666666667,0.202850877192982,0.161978948883402,0.267352148624288,1.15339189345201,136,"SLC6A8;BMP2;NUP58;FURIN;SOD2;TYRO3;FOSB;NR4A1;SQSTM1;JUNB;MSX1;BID;BCL2L11;ATF3;CLTB;BTG3;PARP2;FKBP4;GGH;TMBIM6;DNAJA1;TGFBRAP1;PPT1;AGO2;NPTXR;CHRNA5;CDO1;CDKN1C;RXRB;RAB27A","wald_stat",NA
"HALLMARK_FATTY_ACID_METABOLISM",0.224334600760456,0.287608462513405,0.125033367555272,-0.270953841279577,-1.11554879682133,130,"XIST;SMS;ACO2;DHCR24;CRAT;ECH1;PDHB;ACADVL;PTPRG;LDHA;MDH1;PTS;ECI1;UBE2L6;GSTZ1;HADHB;ACSL5;ACOT2;SLC22A5;D2HGDH;UROS;REEP6;HCCS;ADSL;RDH11;GRHPR;ACOT8;DLST;DLD;BPHL;MIX23;SUCLG2;PDHA1;ACAA1;EPHX1;ALDH9A1;CBR3;H2AZ1","wald_stat",NA
"HALLMARK_MYC_TARGETS_V1",0.266233766233766,0.332792207792208,0.122107920287081,0.239118242509518,1.07436436391484,200,"XPOT;TCP1;ODC1;CCT4;MCM4;EIF2S1;GSPT1;NAP1L1;RANBP1;ETF1;RPLP0;MCM6;CDC45;ABCE1;UBE2L3;XPO1;TARDBP;PTGES3;NOLC1;PRPS2;RACK1;HDDC2;RPS10;PGK1;TFDP1;CANX;PSMD7;EIF3B;EIF3J;DUT;PSMD14;RPL22;EIF4G2;DEK;MYC;RSL1D1;EIF3D;SRPK1;CNBP;IFRD1;DHX15;RPS3;EIF4E;GNL3;CCT7;VDAC1;RPL34;MCM7;FAM120A;ACP1;FBL;SSB;SF3A1;SERBP1;PSMC4;EIF4H;CCT5;RPS2;RAD23B;RPS6","wald_stat",NA
"HALLMARK_ESTROGEN_RESPONSE_EARLY",0.286238532110092,0.349071380622063,0.106323255932708,-0.251000242776915,-1.07281744592924,164,"DHCR7;WWC1;SFN;KAZN;SCARB1;SLC7A5;SYBU;EEIG1;TGM2;CA12;CXCL12;DLC1;TSKU;MUC1;KLF4;ABHD2;GLA;IGFBP4;FOS;ABCA3;SYT12;SLC22A5;PMAIP1;PRSS23;MREG;TMEM164;RAPGEFL1","wald_stat",NA
"HALLMARK_CHOLESTEROL_HOMEOSTASIS",0.32258064516129,0.378348383191243,0.108820126769161,0.283467133747408,1.07665263732431,67,"ERRFI1;JAG1;ALCAM;CD9;NIBAN1;ANTXR2;PLAUR;ACTG1;ATF3;ANXA5;LDLR;ALDOC;SCD;ATXN2","wald_stat",NA
"HALLMARK_ESTROGEN_RESPONSE_LATE",0.325379609544469,0.378348383191243,0.108820126769161,0.242234498228431,1.06182356973941,158,"TFPI2;CAV1;CCND1;CD9;TPD52L1;TPBG;PLK4;HSPA4L;MYOF;NRIP1;RABEP1;FLNB;AMFR;CYP26B1;SGK1;BTG3;EMP2;PTGES;FKBP4;SLC16A1;ALDH3B1;UGDH;ALDH3A2;FKBP5;EGR3;XRCC3;CHPT1;GJB3;CD44;NAB2;TOB1;ATP2B4;CCNA1;ZFP36;HOMER2;MYB;SOX3;OPN3;RPS6KA2;CISH;JAK2;JAK1;CYP4F11;WFS1;IMPA2;HSPB8;FGFR3;UNC13B","wald_stat",NA
"HALLMARK_WNT_BETA_CATENIN_SIGNALING",0.371031746031746,0.421626984126984,0.0952879846194844,0.312094551334844,1.04334516306089,36,"JAG1;DKK1;HDAC5;HDAC11;PTCH1;MYC;NUMB;TCF7;CSNK1E;DLL1;DVL2;KAT2A","wald_stat",NA
"HALLMARK_DNA_REPAIR",0.42037037037037,0.46262179644641,0.0843144320642653,-0.238837305634169,-1.0108252501289,148,"BCAM;SRSF6;TP53;POLD1;POLR2I;CMPK2;NPR2;USP11;ARL6IP1;VPS37B;APRT;POLR2F;ZWINT;TAF9;SEC61A1;NME1;REV3L;STX3;AAAS;ADA;TSG101;UPF3B;PRIM1;ADCY6;RPA3;GTF2H5;GTF2A2;GMPR2;GPX4;EDF1;GTF2F1;TAF1C;GTF2H3;POM121;NUDT9;UMPS;SUPT5H;RAE1;ALYREF;RBX1;NT5C;BRF2;VPS28;POLA2;ADRM1;RFC5;POLR2H;GUK1;TK2","wald_stat",NA
"HALLMARK_MYC_TARGETS_V2",0.425612052730697,0.46262179644641,0.0845557442441281,-0.278869988526857,-1.00335405705479,57,"TMEM97;PLK1;CDK4;NOP2;PES1;FARSA;DCTPP1;MAP3K6;AIMP2;GRWD1;SORD;NOC4L;NPM1;NOP16;PPAN;TFB2M;PA2G4;TBRG4;SUPV3L1;SLC29A2;NOP56;MYBBP1A;RCL1;WDR74;SRM;NDUFAF4","wald_stat",NA
"HALLMARK_PEROXISOME",0.450733752620545,0.479503992149516,0.0873098257637931,0.25020508965458,0.99903241072445,85,"PRDX1;SOD2;SLC23A2;CAT;ACSL4;MVP;LONP2;DHRS3;ACSL1;IDH1;ISOC1;ATXN1;PEX6;IDE;BCL10;CNBP;ABCD3;CDK7;SLC35B2;ERCC3;HSD3B7;MSH2;RETSAT;SCP2;CTPS1;ABCD1;SMARCC1;ELOVL5;SEMA3C","wald_stat",NA
"HALLMARK_E2F_TARGETS",0.474953617810761,0.487418268278185,0.0778840111977068,-0.224037475596633,-0.98399459234996,199,"KPNA2;TUBB;PLK1;CDK4;CDC25B;PRKDC;TP53;CDCA8;MTHFD2;POLD1;MYBL2;LMNB1;H2AX;SRSF2;KIF22;MLH1;CDKN3;CDKN2C;AURKA;SMC4;NME1;ANP32E;HMMR;CHEK2;CENPM;KIF2C;GINS1;BIRC5;STMN1;NASP;DCTPP1;RPA3;PAN2;SYNCRIP;MKI67;DLGAP5;AURKB;BRCA2;SPAG5;ASF1A;HMGB3;TACC3;JPT1;DSCC1;LBR;ORC6;SPC24;H2AZ1;TRA2B;HMGB2;UBE2T;SPC25","wald_stat",NA
"HALLMARK_UNFOLDED_PROTEIN_RESPONSE",0.477669902912621,0.487418268278185,0.0799858801499946,-0.245354433111794,-0.978731739986203,112,"CALR;IFIT1;SHC1;SLC7A5;EIF4A1;ATF4;MTHFD2;H2AX;WIPI1;EXOSC4;EXOSC10;ATP6V0D1;BANF1;TUBB2A;ASNS;EIF4G1;HSPA5;CCL2;HSP90B1;FUS;HSPA9","wald_stat",NA
"HALLMARK_SPERMATOGENESIS",0.663201663201663,0.663201663201663,0.0667426134241917,0.22854832994723,0.898155537988712,78,"IL13RA2;HSPA4L;AGFG1;SPATA6;CCT6B;CLGN;PARP2;MAST2;RAD17;PRKAR2A;IDE;CLPB;CCNA1;MLF1;JAM3;ZC3H14;CAMK4;SLC12A2","wald_stat",NA
"HALLMARK_INTERFERON_ALPHA_RESPONSE",2.52668468049236e-05,0.00126334234024618,0.575610261071129,-0.829104370073274,-1.93562261315826,91,"BST2;RSAD2;IFITM1;IFIT3;OAS1;IFI27;OASL;DHX58;MX1;IFITM3;UBA7;PARP9;ISG15;IFIH1;IFI44;SAMD9L;PARP14;HELZ2;PLSCR1;LGALS3BP;HLA-C;DDX60;IFITM2;PARP12;IRF9;IRF1;LAP3;RNF31;CNP;PSMB8;UBE2L6;ADAR;PSME2;CMPK2;PNPT1","shrunk_lfc",NA
"HALLMARK_INTERFERON_GAMMA_RESPONSE",0.000111739375849496,0.00279348439623741,0.538434096309916,-0.731670201925004,-1.85870525749972,161,"BST2;CMKLR1;RSAD2;IFIT1;IFIT3;IFI27;XAF1;OASL;DHX58;MX1;IFITM3;HLA-B;TMT1B;ISG15;IFIH1;RIGI;OAS2;IFI44;SAMD9L;PARP14;HELZ2;PLSCR1;LGALS3BP;TAPBP;STAT1;DDX60;STAT3;IFITM2;MYD88;PARP12;IRF9;PML;MT2A;IRF1;LAP3;OAS3;HLA-A;MTHFD2;HIF1A;RNF31;PSMB8;UBE2L6;ADAR;C1R;PSME2;CMPK2;PNPT1","shrunk_lfc",NA
"HALLMARK_OXIDATIVE_PHOSPHORYLATION",0.00243679050929258,0.0406131751548763,0.431707695803346,-0.63755333862389,-1.66950578749988,198,"NDUFB1;RHOT2;ACO2;ATP5MF;CYCS;COX6A1;ECH1;UQCR11;PMPCA;PDHB;COX7B;MRPL11;ATP5MC1;NDUFA3;NNT;NDUFS7;COX8A;ACADVL;ATP5PB;ETFB;POLR2F;ECI1;ATP6V0C;UQCRQ;UQCRFS1;MRPL35;OXA1L;ATP5F1D;CYC1;NDUFA7;NDUFS2;ISCA1;SLC25A5;ATP5MC3;COX6B1;MDH1;NDUFV1;SLC25A6;NDUFB5;NDUFA6;HADHB;IDH3A;NDUFB7;ATP6V1G1;PDP1;ATP5F1A;NDUFS6;MRPS22;UQCRB;COX5B;ATP5F1E;OGDH;ATP5PD;TIMM8B;NDUFB8;ATP6AP1;HCCS;COX5A;NDUFC1;UQCR10;AIFM1;ATP6V1H;DLST;FXN;MRPS11;VDAC3;BAX;IMMT;ACAA1;LDHA;NDUFV2;ATP6V0B;MRPL34;ATP6V1C1;PDHA1;GPX4;ATP6V1F;COX10;DLD;PDHX;PRDX3;ATP5F1B;MRPL15;NDUFB6;NDUFA9;MRPS12;NDUFB2;POR;ALDH6A1;ATP1B1;IDH3G;ATP5F1C;IDH3B;NDUFA1;ATP5ME;MTRR;BCKDHA;TIMM13;LDHB;HSPA9","shrunk_lfc",NA
"HALLMARK_APOPTOSIS",0.0186655372482453,0.182652681636893,0.352487857583619,0.501082891064685,1.44657731522616,139,"PLAT;BMP2;TIMP3;SATB1;GADD45B;EMP1;PAK1;CAV1;DPYD;EREG;H1-0;SOD2;ANXA1;BID;CCND1;IER3;NEDD9;TXNIP;PTK2;ATF3;ANKH;BCL2L2;MCL1;ROCK1;F2R;ETF1;MMP2;BCL2L11;IGFBP6;CDKN1B;SAT1;SQSTM1;BTG3;CYLD;DDIT3;TGFB2;FEZ1;PPT1;RELA;RARA;DNAJA1;CCNA1;BCL10;SLC20A1;CD44;DNAJC3","shrunk_lfc",NA
"HALLMARK_TGF_BETA_SIGNALING",0.0193372860375737,0.182652681636893,0.352487857583619,0.69156553798099,1.77501183391942,52,"BMP2;SERPINE1;ID1;BCAR3;THBS1;SMURF2;BMPR2;SKIL;JUNB;FURIN;SPTBN1;TGIF1;APC;TGFB1;HIPK2;LTBP2;UBE2D3;TJP1;SMAD3;MAP3K7;PMEPA1;FNTA;SLC20A1","shrunk_lfc",NA
"HALLMARK_INFLAMMATORY_RESPONSE",0.0219183217964271,0.182652681636893,0.352487857583619,-0.628815698974422,-1.5453025747193,126,"BST2;PCDH7;CMKLR1;IFITM1;CALCRL;CD82;SLC4A4;TAPBP;DCBLD2;CX3CL1;IRF1;HIF1A","shrunk_lfc",NA
"HALLMARK_TNFA_SIGNALING_VIA_NFKB",0.0292193639361956,0.192366200035417,0.352487857583619,0.529938592033011,1.56499926165023,177,"PTX3;BMP2;SERPINE1;FOSB;TNFAIP3;CCN1;DUSP1;GADD45B;HES1;DRAM1;ATP2B1;DUSP5;PTPRE;TRIB1;JAG1;RIPK2;KDM6B;TRIP10;SOD2;GFPT2;CCND1;NR4A1;EGR1;IER3;PDLIM5;IER2;F2RL1;PLAU;KLF6;SLC2A3;JUNB;SPHK1;ATF3;FOSL2;TNFAIP8;MCL1;TIPARP;PLAUR;SGK1;TGIF1;PANX1;HBEGF;SAT1;ABCA1;SQSTM1;BTG3;BIRC2;SMAD3;SPSB1;TNIP2;RELA;KLF2;BCL6;TNIP1;PMEPA1;PNRC1;BCL2A1;LDLR;MYC;CSF1;MXD1;BHLHE40;CD44;NAMPT;PER1","shrunk_lfc",NA
"HALLMARK_HYPOXIA",0.0307785920056667,0.192366200035417,0.352487857583619,0.50063135565821,1.47616782590709,174,"LOX;SERPINE1;TNFAIP3;CCN1;DUSP1;PPP1R3C;CITED2;ANGPTL4;NDRG1;NR3C1;PDGFB;GBE1;TPBG;CAV1;ERRFI1;EGFR;AKAP12;ERO1A;IGFBP3;KLF7;SLC25A1;IER3;KDELR3;PGF;KLF6;SLC2A3;PRKCA;P4HA1;FOXO3;CXCR4;ATF3;FOSL2;TIPARP;KDM3A;NDST1;SLC6A6;PLAUR;GPC4;STC1;CDKN1B","shrunk_lfc",NA
"HALLMARK_IL2_STAT5_SIGNALING",0.0486279318896414,0.24390243902439,0.321775918075361,0.484879486676676,1.41521907511071,157,"CDCP1;BMP2;GADD45B;MYO1E;EMP1;NDRG1;CAPG;RABGAP1L;ALCAM;SWAP70;COL6A1;GUCY1B1;ITGA6;GABARAPL1;KLF6;SLC2A3;SNX9;BMPR2;ST3GAL4;FURIN;P4HA1;COCH;LRRC8C;PRNP;ODC1;SNX14;ENPP1;UCK2;SPRED2;PLPP1;AHNAK;PHTF2;HIPK2;SPRY4","shrunk_lfc",NA
"HALLMARK_EPITHELIAL_MESENCHYMAL_TRANSITION",0.048780487804878,0.24390243902439,0.261663521711573,-0.567098793388608,-1.45335326650226,176,"CDH11;POSTN;MXRA5;THBS2;NNMT;SERPINE2;THY1;SNTB1;FN1;TNFRSF11B;DAB2;EDIL3;SCG2;SERPINH1;LOXL1;TGM2;TNC;GPC1;DST;HTRA1;BGN;SPARC;PFN2;PDLIM4","shrunk_lfc",NA
"HALLMARK_PANCREAS_BETA_CELLS",0.0567514677103718,0.257936507936508,0.266350657088526,0.714232375638926,1.51746185561248,18,"PAK3;AKT3;PAX6;SRPRB","shrunk_lfc",NA
"HALLMARK_UV_RESPONSE_DN",0.0619047619047619,0.257936507936508,0.282013350011725,0.47655824379615,1.37582378333035,136,"INPP4B;APBB2;SERPINE1;MGLL;CCN1;DUSP1;LPAR1;SNAI2;CITED2;ID1;AKT3;ATP2B1;NR3C1;CAV1;CDC42BPA;NOTCH2;NR1D2;PDLIM5;COL5A2;ADGRL2;MAPK14;PRKCA;DDAH1;MET;NEK7;ZMIZ1;IRS1;BDNF;CDKN1B;PHF3;PTEN;TJP1;SMAD3;ATXN1;PTPN21;DYRK1A;LDLR;MYC;RXRA;BHLHE40;KCNMA1;RGS4","shrunk_lfc",NA
"HALLMARK_COAGULATION",0.0836820083682008,0.321853878339234,0.224966093540314,0.476268891722946,1.33359675243499,92,"MMP1;TFPI2;PLAT;SERPINE1;P2RY1;TIMP3;ANG;PDGFB;THBS1;CTSB;ANXA1;S100A13;KLF7;CD9;FBN1;PLAU;FURIN;CAPN5;MMP2","shrunk_lfc",NA
"HALLMARK_NOTCH_SIGNALING",0.123339658444023,0.407810182896688,0.173747838999571,0.563741392583423,1.32203256051854,30,"NOTCH3;HES1;JAG1;NOTCH2;CCND1;FBXW11;PRKCA;WNT5A","shrunk_lfc",NA
"HALLMARK_ANGIOGENESIS",0.130705394190871,0.407810182896688,0.176694268938498,-0.692431089375428,-1.46323194565865,26,"POSTN;TNFRSF21","shrunk_lfc",NA
"HALLMARK_HEME_METABOLISM",0.134020618556701,0.407810182896688,0.195789002148949,0.425584065623592,1.24570074515028,162,"ELL2;SLC7A11;MBOAT2;ADD2;NR3C1;KLF3;BMP2K;CTSB;H1-0;SDCBP;MPP1;SLC11A2;PICALM;SLC6A8;FOXO3;ALAD;LRP10;NEK7;GCLC;VEZF1;CAT;TCEA1;MARK3;BACH1;SLC10A3;CPOX;DCAF11;LPIN2;MARCHF2;PPOX;GMPS;P4HA2;GAPVD1;OPTN;BLVRA;GDE1;DAAM1;KDM7A;EPOR;FBXO7;PPP2R5B;NUDT4;BPGM","shrunk_lfc",NA
"HALLMARK_HEDGEHOG_SIGNALING",0.138655462184874,0.407810182896688,0.172324344900946,-0.66148051301631,-1.41860080220757,32,"THY1;SCG2;L1CAM;CDK6;PML;RTN1;DPYSL2;HEY1","shrunk_lfc",NA
"HALLMARK_KRAS_SIGNALING_UP",0.158249158249158,0.439580995136551,0.142056643575821,-0.505701868468502,-1.27692725135519,146,"SPON1;APOD;CMKLR1;BIRC3;PCSK1N;AVL9;CPE;AMMECR1;EPHB2;DCBLD2;DNMBP;SOX9;ETV5","shrunk_lfc",NA
"HALLMARK_GLYCOLYSIS",0.180156657963446,0.463288763781375,0.16823816568964,0.39790343053718,1.17583343013628,178,"HS6ST2;VCAN;FUT8;ANG;CITED2;ANGPTL4;TPBG;HS2ST1;EGFR;ERO1A;IGFBP3;AK3;IER3;KDELR3;P4HA1;PYGB;CXCR4;TPST1;MET;SDC1;SLC16A3;PYGL;CAPN5;GPC4;GCLC;STC1;TGFA;GNPDA1;EXT2;CHST6;CHST1;GALK2;FKBP4;P4HA2;IDH1;RRAGD;GALK1;KIF2A","shrunk_lfc",NA
"HALLMARK_APICAL_JUNCTION",0.193979933110368,0.463288763781375,0.126253987849115,-0.483888850459789,-1.22135815628507,153,"CDH11;CNTN1;THY1;TNFRSF11B;SDC3;SHC1;MDK;DLG1;SHROOM2;CTNND1;CX3CL1;CRAT;CD276;AMH;PFN1;KCNH2;CLDN4;ITGB1;GNAI2;EVL;ACTB","shrunk_lfc",NA
"HALLMARK_COMPLEMENT",0.194581280788177,0.463288763781375,0.156312403073186,0.399466526680187,1.15102320494928,140,"TFPI2;PLAT;DOCK4;SERPINE1;TNFAIP3;PHEX;ANG;GNG2;CD55;DUSP5;PDGFB;DGKH;CTSB;S100A13","shrunk_lfc",NA
"HALLMARK_P53_PATHWAY",0.239690721649485,0.537075537075537,0.142901149386948,0.370395488105152,1.10374810823305,183,"TPD52L1;SLC7A11;BMP2;H1-2;DRAM1;NDRG1;ZFP36L1;PTPRE;HSPA4L;IER3;PROCR;TXNIP;FOXO3;SPHK1;ATF3;IRAK1;CYFIP2;SDC1;CCNK;F2R;RAP2B;TGFA;PLXNB2;HBEGF;SAT1;TGFB1;CDH13;DDIT3;TCN2","shrunk_lfc",NA
"HALLMARK_REACTIVE_OXYGEN_SPECIES_PATHWAY",0.247582205029014,0.537075537075537,0.119348440591015,0.46600969698073,1.16827066006073,44,"PDLIM1;PRDX1;SOD2;TXNRD1;FTL;JUNB;SRXN1;PRNP;GCLC;CAT","shrunk_lfc",NA
"HALLMARK_APICAL_SURFACE",0.257796257796258,0.537075537075537,0.121543282035469,-0.552436020541279,-1.19216802725051,33,"THY1;DCBLD2;SHROOM2;CRYBG1;CX3CL1;SRPX;EPHB4;FLOT2","shrunk_lfc",NA
"HALLMARK_UV_RESPONSE_UP",0.278571428571429,0.557142857142857,0.12563992130984,0.374255072560253,1.08047449931572,136,"BMP2;FOSB;SOD2;NUP58;MSX1;BID;NR4A1;TYRO3;SLC6A8;JUNB;FURIN;ATF3;BCL2L11;CLTB;SQSTM1;BTG3;PARP2;GGH;TGFBRAP1;FKBP4;AGO2;PPT1;DNAJA1;NPTXR;TMBIM6;CHRNA5;RXRB","shrunk_lfc",NA
"HALLMARK_IL6_JAK_STAT3_SIGNALING",0.295585412667946,0.568004979769686,0.107140237276725,-0.504239194290441,-1.14721833517313,55,"A2M;TNFRSF21;PDGFC;STAT1;STAT3;MYD88;IRF9;IRF1;TNFRSF1B;TNFRSF12A","shrunk_lfc",NA
"HALLMARK_BILE_ACID_METABOLISM",0.30672268907563,0.568004979769686,0.110564716336619,0.394008781805066,1.08198790715314,81,"DIO2;BCAR3;NEDD4;CYP27A1;SLC23A2;PECR;AR;PEX26;NPC1;CAT;LONP2;ABCA1;ACSL1;ATXN1;ISOC1;PEX6;IDH1;OPTN;RXRA;PNPLA8;NUDT12;ABCD3","shrunk_lfc",NA
"HALLMARK_MITOTIC_SPINDLE",0.333333333333333,0.595238095238095,0.122679189568808,0.349494426680047,1.0412090843432,198,"DOCK4;MYO1E;BCR;CCDC88A;CDC42BPA;NOTCH2;ABI1;EZR;PDLIM5;NEDD9;MID1;PCGF5;SMC1A;BIN1;SMC3;TRIO;CDC42EP4;RFC1;ROCK1;ANLN;SPTBN1;APC;CLIP1;EPB41L2;BCL2L11;RACGAP1;RASAL2;RICTOR;FLNB;RANBP9;KIF11;CNTRL;WASF2;ARHGEF7;KIFAP3;SUN2;PREX1;PAFAH1B1;RASA1;SOS1;RABGAP1;PCM1;CEP250","shrunk_lfc",NA
"HALLMARK_ALLOGRAFT_REJECTION",0.426695842450766,0.712530712530713,0.0928481214159878,0.352055847851075,1.0047330335467,109,"ST8SIA4;TLR6;CAPG;EGFR;EREG;RIPK2;IL11;BCAT1;ABI1;RPS3A;RPL9;HDAC9;ABCE1;DEGS1;F2R;TGFB1;TGFB2;APBB1;EIF3J;AARS1;MAP3K7;EIF3A;RPL39;CSF1;BCL10;ETS1;ELF4;DARS1","shrunk_lfc",NA
"HALLMARK_XENOBIOTIC_METABOLISM",0.427518427518428,0.712530712530713,0.0995791200495904,0.344720564355532,0.999990714864386,144,"SERPINE1;IL1R1;MAN1A1;CYP27A1;BCAT1;PDLIM5;GABARAPL1;TPST1;CYFIP2;JUP;SLC6A6;DHRS7;GCLC;NPC1;CAT;CBR1;COMT;TGFB2;LPIN2;UGDH;SLC12A4;PTGES3;IDH1;PTGES;TMBIM6;UPP1;ARPP19;EPHA2;CDO1","shrunk_lfc",NA
"HALLMARK_ANDROGEN_RESPONSE",0.445736434108527,0.718929732433108,0.0835990603684159,-0.425307944798906,-0.992921645601594,91,"MAF;AZGP1;PTK2B;DBI;SMS;CDK6;TPD52;SRP19;DHCR24;ITGAV;ABHD2","shrunk_lfc",NA
"HALLMARK_MYOGENESIS",0.469387755102041,0.733418367346939,0.0739901439101341,-0.394425938200223,-0.995456128180753,139,"APOD;MRAS;IGFBP7;SCHIP1;DMD;AGRN;ITGA7;SPARC;GAA;DENND2B;PC;CRAT;MAPK12;CLU;KCNH2;SPTAN1;ITGB1;COL4A2;FLII;SH2B1;TPM2;GSN;ATP6AP1","shrunk_lfc",NA
"HALLMARK_PI3K_AKT_MTOR_SIGNALING",0.48744769874477,0.738557119310257,0.0828962134571565,0.348395510738506,0.97553951089058,92,"MAPK1;GSK3B;EGFR;PIKFYVE;E2F1;CXCR4;RPS6KA1;PTPN11;MAPK9;CDKN1B;ACTR3;SQSTM1;GRB2;PTEN;UBE2D3;RALB;ACTR2;DDIT3;CAB39L;CLTC;ECSIT;SMAD2;MAP3K7;MAPK8;PRKAR2A","shrunk_lfc",NA
"HALLMARK_KRAS_SIGNALING_DN",0.542635658914729,0.751979475383731,0.0732558655828455,-0.393452006282781,-0.918550942490065,91,"RSAD2;TFCP2L1;MX1;KLHDC8A;COQ8A;DTNB;ZNF112;IGFBP2","shrunk_lfc",NA
"HALLMARK_CHOLESTEROL_HOMEOSTASIS",0.547528517110266,0.751979475383731,0.0718276293603809,-0.382830376242811,-0.889440231132769,67,"ATF5;TMEM97;DHCR7;PLSCR1;ABCA2;CXCL16;ECH1;SQLE;CLU;TNFRSF12A;GSTM2;CBS;EBP;CTNNB1;PCYT2;TRIB3;ETHE1;PMVK;CHKA","shrunk_lfc",NA
"HALLMARK_SPERMATOGENESIS",0.548453608247423,0.751979475383731,0.0758886900606117,0.343475839297678,0.94069547042462,78,"IL13RA2;HSPA4L;AGFG1;SPATA6;CLGN;PARP2;RAD17;MAST2;IDE;PRKAR2A;CCNA1;CLPB;CCT6B;MLF1;ZC3H14;JAM3;CAMK4;SLC12A2;STAM2","shrunk_lfc",NA
"HALLMARK_ESTROGEN_RESPONSE_EARLY",0.556464811783961,0.751979475383731,0.0636424081651019,-0.366627280560869,-0.930345487585683,164,"WWC1;KAZN;SFN;SYBU;EEIG1;TGM2;DHCR7;DLC1;SLC7A5;SCARB1;TSKU;GLA;FOS;CA12;MUC1;ABHD2;ABCA3;SLC22A5;MREG;TMEM164;PRSS23;SYT12;KLF4;PMAIP1;KRT18","shrunk_lfc",NA
"HALLMARK_MYC_TARGETS_V1",0.592493297587131,0.760538896132116,0.0857844408075645,0.307151339460433,0.915772058489841,200,"CDC45;MCM4;EIF2S1;XPOT;TCP1;RANBP1;GSPT1;ABCE1;UBE2L3;MCM6;CCT4;ODC1;PRPS2;ETF1;TARDBP;NOLC1;NAP1L1;RPLP0;HDDC2;XPO1;PTGES3;EIF3J;PSMD7;MYC;PSMD14;DUT;TFDP1;RSL1D1;DEK;RPL22;SRPK1;RACK1;RPS10;CANX;EIF3B;IFRD1;PGK1;EIF3D;EIF4E;ACP1;EIF4G2;CNBP;DHX15;RPL34;GNL3;FAM120A;FBL;RPS3;SF3A1;SSB;ORC2;PSMC4;CTPS1;PRDX4;RAD23B;CCT7;DDX18;MCM7;EPRS1;SERBP1;SRSF1;RPS6;RPS2;VDAC1;SMARCC1;TYMS","shrunk_lfc",NA
"HALLMARK_PEROXISOME",0.593220338983051,0.760538896132116,0.0732558655828455,0.332352772305292,0.919693359819281,85,"PRDX1;SOD2;SLC23A2;CAT;ACSL4;LONP2;MVP;ACSL1;ATXN1;ISOC1;PEX6;IDH1;IDE;BCL10;ABCD3;CDK7;ERCC3;CNBP;MSH2;SLC35B2;RETSAT;SCP2;CTPS1;ABCD1;HSD3B7;SMARCC1;ECI2;HSD17B4;ABCB9;ELOVL5;HMGCL","shrunk_lfc",NA
"HALLMARK_G2M_CHECKPOINT",0.631746031746032,0.78968253968254,0.0561766586307176,-0.334705768682885,-0.874064765288661,199,"MEIS2;ATF5;HMGN2;UBE2C;KPNA2;DMD;SLC7A5;CENPA;PLK1;PML;ABL1;MT2A;CDK4;HIF1A;DTYMK;CDC25B;SQLE;RBM14;SFPQ;MYBL2;CENPF;KIF20B;H2AX;CDKN3;SRSF2;LMNB1;KIF22;SLC38A1;KPNB1;CDC27;NUMA1;SMC4;FBXO5;CDKN2C;AURKA;HMMR;SRSF10;KIF2C;AMD1;KIF23;KIF15;KNL1;EWSR1;NASP;BIRC5;PBK;TLE3;AURKB;SYNCRIP;INCENP;MKI67;HMGB3;GINS2;NCL;ORC6;LBR","shrunk_lfc",NA
"HALLMARK_ADIPOGENESIS",0.695161290322581,0.847757671125098,0.0524827622635459,-0.329728696195638,-0.848628504945097,180,"CAVIN2;C3;DHCR7;APOE;ITGA7;SCARB1;ACO2;COX6A1;ECH1;UQCR11;CRAT;ELOVL6;STOM;COX7B;ELMOD3;APLP2;COX8A;SLC25A10;ETFB;PFKFB3;JAGN1;UQCRQ;CYC1;PIM3;CDKN2C;IDH3A;NDUFB7;VEGFB;MTCH2;SAMM50;UQCR10;AIFM1;ADCY6;MCCC1;ATP1B3;PPM1B;IMMT;ATL2;ARAF;MTARC2;GPX4;REEP6;DLD;PRDX3;MRPL15;ANGPT1;DNAJC15;RAB34;POR;UCK1;DHRS7B","shrunk_lfc",NA
"HALLMARK_MYC_TARGETS_V2",0.741996233521657,0.874861572535991,0.0566484183613995,-0.328016537413642,-0.754738670459529,57,"TMEM97;PLK1;CDK4;NOP2;PES1;FARSA;DCTPP1;MAP3K6;AIMP2;GRWD1;SORD;NOC4L;PPAN;NOP16;SUPV3L1;SLC29A2;TFB2M;TBRG4;PA2G4;MYBBP1A;NPM1;NOP56;WDR74;SRM","shrunk_lfc",NA
"HALLMARK_PROTEIN_SECRETION",0.752380952380952,0.874861572535991,0.0565299525056311,-0.330558390829885,-0.778316203542231,93,"CTSC;DST;TPD52;CD63;SEC22B;AP2S1;RER1;AP2M1;ARFGEF1;GLA;TMED10;COG2;COPE;LAMP2;DNM1L;ICA1;NAPA;VPS45;IGF2R;ANP32E;TSG101;GBF1;KRT18","shrunk_lfc",NA
"HALLMARK_UNFOLDED_PROTEIN_RESPONSE",0.771062271062271,0.876207126207126,0.0535669384770951,-0.317962451947106,-0.761603558251261,112,"IFIT1;SLC7A5;CALR;SHC1;WIPI1;MTHFD2;EXOSC4;ATF4;H2AX;EXOSC10;EIF4A1;ATP6V0D1;ASNS;BANF1;TUBB2A;LSM1;FUS;EIF4G1;LSM4;CNOT6;HSPA5;ARFGAP1;MTREX;EIF2AK3;HSP90B1;TARS1;CEBPB","shrunk_lfc",NA
"HALLMARK_MTORC1_SIGNALING",0.807631160572337,0.886672786447467,0.0449543067640062,-0.297155348626908,-0.775222121937069,193,"IGFBP5;SERPINH1;CTSC;TMEM97;DHCR7;SLC7A5;CALR;G6PD;PLK1;ELOVL6;CYB5B;MTHFD2;MAP2K3;SQLE;ATP5MC1;GLA;EGLN3;MLLT11;DHCR24;TOMM40;COPS5;NFYC;PPIA;FKBP2;AURKA;EBP;ASNS;PDK1;IFI30;SRD5A1","shrunk_lfc",NA
"HALLMARK_WNT_BETA_CATENIN_SIGNALING",0.81573896353167,0.886672786447467,0.0531298054705469,0.31549959841877,0.757351789842576,36,"JAG1;HDAC5;DKK1;HDAC11;MYC;NUMB;TCF7;DVL2;CSNK1E;KAT2A;RBPJ","shrunk_lfc",NA
"HALLMARK_DNA_REPAIR",0.838655462184874,0.892186661898802,0.04577044581081,-0.294495409996022,-0.743577788758235,148,"BCAM;TP53;POLR2I;POLD1;SRSF6;USP11;APRT;POLR2F;ZWINT;CMPK2;TAF9;VPS37B;REV3L;ARL6IP1;AAAS;STX3;ADA;TSG101;UPF3B;NME1;RPA3;PRIM1;SEC61A1;GTF2A2;ADCY6;GMPR2;TAF1C;GTF2F1;GTF2H3;EDF1;UMPS;GPX4;SUPT5H;NUDT9;NPR2;RAE1;GTF2H5;RBX1;NT5C;POM121;ALYREF;VPS28;RFC5;POLA2;POLR2H;BRF2;ADRM1;RFC4;POLR3C;GUK1;POLR2K;TK2;POLH;SUPT4H1;NELFE;SNAPC4;SURF1;LIG1","shrunk_lfc",NA
"HALLMARK_ESTROGEN_RESPONSE_LATE",0.865131578947368,0.894190428784754,0.0433636987883266,-0.286546841457124,-0.727362377900948,158,"LSR;SFN;EEIG1;DHCR7;CPE;SLC7A5;PLXNB1;MDK;SCARB1;GLA;FOS;ETFB;CA12;ABHD2;ABCA3;SLC22A5;PRSS23;DLG5;KLF4","shrunk_lfc",NA
"HALLMARK_FATTY_ACID_METABOLISM",0.876306620209059,0.894190428784754,0.0454059226590179,-0.287288521000831,-0.708949911257671,130,"XIST;SMS;ACO2;ECH1;CRAT;PDHB;PTPRG;DHCR24;PTS;ACADVL;ECI1;UBE2L6;MDH1;SLC22A5;HADHB;UROS;HCCS;ADSL;D2HGDH;GRHPR;ACOT8;DLST;SUCLG2;ACAA1;EPHX1;GSTZ1;LDHA;RDH11;ALDH9A1;PDHA1;MIX23;REEP6;DLD;BPHL","shrunk_lfc",NA
"HALLMARK_E2F_TARGETS",0.895161290322581,0.895161290322581,0.0646484568421928,0.264929167212349,0.791861841083902,199,"PLK4;MMS22L;MCM4;EIF2S1;PSIP1;SMC1A;RANBP1;GSPT1;SMC3;RPA1;RFC1;MCM6;DIAPH3;NBN;UBR7;POLD3;NOLC1;NAP1L1;RACGAP1;IPO7;CDKN1B;MCM3;RAD51AP1;MELK;PSMC3IP;XPO1;DONSON;BARD1;RRM2;HELLS;SNRPB;MYC;E2F8;DUT;SSRP1;DEK;ZW10;HMGA1;NUDT21;CIT;PDS5B;CNOT9;HUS1;PNN;RBBP7","shrunk_lfc",NA
