"symbol","log2FC","padj","tpm_AAVS1","tpm_KO","surface_score","brain_max_tpm","other_max_tpm","other_max_tissue","gene_id"
"CD44",0.0582200886556671,0.62328750607506,833.945194666667,880.602535,3,23.74,235.16,"Skin_Not_Sun_Exposed_Suprapubic","ENSG00000026508.23"
"EPHA2",0.0525924142280671,0.380788374433056,532.391952,555.989404333333,3,3.04,200.44,"Esophagus_Mucosa","ENSG00000142627.15"
"CD70",-0.0598315458758969,0.608397228196558,382.865665333333,363.715649,1,0.33,9.39,"Small_Intestine_Terminal_Ileum_Lymphode_Aggregate","ENSG00000125726.13"
"AXL",0.0919052782057581,0.122377289658703,213.988539333333,230.659303333333,3,17.65,144.44,"Artery_Tibial","ENSG00000167601.14"
"CD276",-0.134426496822473,0.112338000880483,195.532808333333,174.854539666667,2,8.77,52.24,"Cervix_Endocervix","ENSG00000103855.20"
"MET",0.140900269555414,0.0743032075705199,103.972734,116.602100666667,3,3.56,21.63,"Liver_Portal_Tract","ENSG00000105976.18"
"MICA",-0.0342865118575557,0.871124893859806,74.074594,71.3109686666667,0,6.58,49.73,"Ovary","ENSG00000204520.16"
"IL13RA2",0.359853324598727,0.00196435510518066,37.610717,50.1194146666667,3,11.53,52.06,"Testis","ENSG00000123496.10"
"PDPN",0.0316351730552756,0.887915263466369,42.052991,44.4365953333333,1,8.32,51.43,"Adipose_Visceral_Omentum","ENSG00000162493.19"
"MMP2",0.120395307450438,0.289689516425854,34.4417126666667,39.050142,0,4.63,642.22,"Cervix_Endocervix","ENSG00000087245.14"
"L1CAM",-0.31218036200937,0.00591869814920856,41.077521,32.0942693333333,3,263.56,112.96,"Nerve_Tibial","ENSG00000198910.16"
"CSPG4",0.0728650363405849,0.614687177195051,14.0306033333333,15.5046383333333,3,10.88,257.52,"Artery_Tibial","ENSG00000173546.9"
"MICB",-0.0135216466202546,0.959773923699514,15.1607203333333,14.7472623333333,1,3.92,23.09,"Small_Intestine_Terminal_Ileum_Lymphode_Aggregate","ENSG00000204516.11"
"EGFR",0.233859742456744,0.0420924049049956,9.53826833333333,11.7183653333333,3,7.99,79.56,"Skin_Sun_Exposed_Lower_leg","ENSG00000146648.23"
"MUC1",-0.103183642389749,0.18083853644539,17.5140093333333,11.5765303333333,2,3.47,1072.72,"Stomach_Mucosa","ENSG00000185499.17"
"ULBP2",-0.000912620682950375,0.99746070338711,8.91423333333333,8.884071,2,4.96,6.69,"Esophagus_Mucosa","ENSG00000131015.7"
"MSLN",0.0164739296695212,0.800787090499493,2.17857066666667,3.08321833333333,3,0.76,85.14,"Adipose_Visceral_Omentum","ENSG00000102854.18"
"ERBB2",-0.0787886565160708,0.384336832067188,3.99805333333333,3.04349966666667,3,9.53,133.03,"Nerve_Tibial","ENSG00000141736.16"
"ROBO1",-2.48573721627941,5.91273535273099e-35,15.8105506666667,2.816945,3,11.94,22.35,"Vagina","ENSG00000169855.22"
"GPC2",0.0206903896564277,0.797379272178653,1.83064166666667,2.35889866666667,1,3.26,33.21,"Testis","ENSG00000213420.10"
"ROR1",0.0222298606269779,0.853234489413804,1.97634633333333,2.32027333333333,2,1.73,18.6,"Artery_Tibial","ENSG00000185483.14"
"PROM1",0.0225741467652117,0.630249008346699,0.514899,0.812911,3,2.44,72.43,"Minor_Salivary_Gland","ENSG00000007062.14"
"DLL3",-0.00486606172865882,0.931394120816286,0.630220666666667,0.487160333333333,2,12.05,5.01,"Pituitary","ENSG00000090932.13"
