"symbol","group","tpm_KO-1","tpm_KO-2","tpm_KO-3","tpm_AAVS1-1","tpm_AAVS1-2","tpm_AAVS1-3","tpm_AAVS1","tpm_KO","log2FC","padj","note"
"ROBO1","slit/robo",2.36,3.92,2.17,14.28,18.46,14.69,15.81,2.81666666666667,-2.48573721627941,5.91273535273099e-35,""
"ROBO2","slit/robo",0.9,0.75,0.95,4.7,4.65,3.63,4.32666666666667,0.866666666666667,-2.27002098383133,6.66114304988328e-18,""
"ROBO3","slit/robo",41.93,40.97,44.03,44.09,39.37,46.11,43.19,42.31,-0.0130288957784316,0.963855131275598,""
"ROBO4","slit/robo",5.44,5.62,5.63,6.27,9.25,4.84,6.78666666666667,5.56333333333333,-0.0375530047633927,0.712389243921791,""
"SLIT1","slit/robo",0,0.08,0.39,0.06,0,0.01,0.0233333333333333,0.156666666666667,NA,NA,"filtered (low counts)"
"SLIT2","slit/robo",0.24,0.21,0.64,0.59,0.54,0.41,0.513333333333333,0.363333333333333,-0.0124630334308204,0.787084743720017,""
"SLIT3","slit/robo",0.18,0.62,0.27,0.49,1.06,0.47,0.673333333333333,0.356666666666667,-0.0163861400428467,0.597408823612235,""
"PPP1R12C","aavs1 locus",63.29,58.72,58.15,58.92,57.44,57.76,58.04,60.0533333333333,0.0265258155929326,0.912152255592402,""
"SOX2","stemness",387.82,389.03,400.58,369.52,371.06,366.49,369.023333333333,392.476666666667,0.0767396584144025,0.134667102762779,""
"OLIG2","stemness",8.24,11.35,8.6,12.09,11.5,10.34,11.31,9.39666666666667,-0.0703305134647956,0.528063497311262,""
"NES","stemness",29.68,31.68,29.42,30.08,28.77,30.4,29.75,30.26,0.012429879620958,0.964569733328665,""
"PROM1","stemness",0.74,0.59,1.1,0.44,0.75,0.36,0.516666666666667,0.81,0.0225741467652117,0.630249008346699,""
"BMI1","stemness",28.79,24.95,29.06,31.14,26.83,25.48,27.8166666666667,27.6,-0.00550632442945603,0.984945794030502,""
"NANOG","stemness",0.14,0.23,0.09,0.22,0.17,0.04,0.143333333333333,0.153333333333333,0.00115779907718371,0.985538316143888,""
"POU3F2","stemness",1.34,1.65,1.38,2.97,2.75,2.81,2.84333333333333,1.45666666666667,-0.863144768619962,0.000443448588301838,""
"SALL2","stemness",8.23,7.6,7.21,7.39,7.61,7.07,7.35666666666667,7.68,0.0198480199697123,0.939898065850976,""
"MKI67","proliferation",39.22,42.67,42.9,41.83,43.73,45.12,43.56,41.5966666666667,-0.053894259477249,0.671065910804297,""
"TOP2A","proliferation",189.13,188.25,195.55,194.44,191.61,195.22,193.756666666667,190.976666666667,-0.0223697927251629,0.867455609185878,""
"XIST","sex check",54.07,56.73,57.53,73.25,68.38,73.39,71.6733333333333,56.11,-0.344990773980003,1.01124584087389e-10,""
"RPS4Y1","sex check",0,0,0,0,0,0,0,0,NA,NA,"filtered (low counts)"
"DDX3Y","sex check",0,0,0,0,0,0,0,0,NA,NA,"filtered (low counts)"
