"symbol","description","direction","log2FC","padj","tpm_AAVS1","tpm_KO","hpa_secretome","hpa_secretome_function","hpa_protein_class","brain_max_tpm","gene_id","type"
"ADAMTS6","ADAM metallopeptidase with thrombospondin type 1 motif 6","up",1.21215439346516,0.025256721462739,0.225248666666667,0.683011666666667,"Secreted to extracellular matrix","Enzyme","Cancer-related genes, Predicted secreted proteins",0.47,"ENSG00000049192.16","protein_coding"
"IGFBP5","Insulin like growth factor binding protein 5","down",-1.1807670820551,3.88042251044411e-74,49.5712623333333,21.853048,"Secreted to blood","Other","Plasma proteins, Predicted secreted proteins",41.2,"ENSG00000115461.7","protein_coding"
"AZGP1","Alpha-2-glycoprotein 1, zinc-binding","down",-1.20564725748873,2.43814352986742e-06,11.569715,4.74316766666667,"Secreted to blood","No annotated function","Cancer-related genes, Plasma proteins, Predicted intracellular proteins, Predicted secreted proteins",19.56,"ENSG00000160862.15","protein_coding"
"HSPG2","Heparan sulfate proteoglycan 2","down",-1.25768617035767,0.000150077316420918,4.32394033333333,1.63297366666667,"Secreted to extracellular matrix","Developmental protein","Disease related genes, Human disease related genes, Plasma proteins, Predicted intracellular proteins, Predicted secreted proteins",2.09,"ENSG00000142798.21","protein_coding"
"SERPINE2","Serpin family E member 2","down",-1.59453701983742,7.99776009464127e-67,48.3362466666667,15.929172,"Secreted in female reproductive system","Developmental protein","Plasma proteins, Predicted secreted proteins",98.17,"ENSG00000135919.16","protein_coding"
"THBS2","Thrombospondin 2","down",-1.74826363082905,1.69869386794473e-11,4.88041566666667,1.40829333333333,"Secreted to extracellular matrix","Cell adhesion","Cancer-related genes, Disease related genes, Human disease related genes, Plasma proteins, Predicted secreted proteins",4.27,"ENSG00000186340.19","protein_coding"
"MXRA5","Matrix remodeling associated 5","down",-1.90371231143844,0.00412090068673842,0.307358,0.0649996666666667,"Secreted to extracellular matrix","No annotated function","Cancer-related genes, Disease related genes, Predicted secreted proteins",0.32,"ENSG00000101825.9","protein_coding"
"CHI3L1","Chitinase 3 like 1","down",-1.91063635237039,4.93559235512464e-208,297.435661333333,79.1555386666667,"Secreted to blood","Defense","Cancer-related genes, Disease related genes, Human disease related genes, Metabolic proteins, Plasma proteins, Predicted intracellular proteins, Predicted secreted proteins",85.59,"ENSG00000133048.15","protein_coding"
"TMEFF2","Transmembrane protein with EGF like and two follistatin like domains 2","down",-1.97269463845777,2.79574825780243e-06,3.765317,0.861209666666667,"Secreted in male reproductive system","No annotated function","Predicted membrane proteins, Predicted secreted proteins",13.82,"ENSG00000144339.14","protein_coding"
"PAEP","Progestagen associated endometrial protein","down",-2.78258916915606,0.00217225969756469,4.36331,0.464358,"Secreted in female reproductive system","No annotated function","Predicted intracellular proteins, Predicted secreted proteins",0.03,"ENSG00000122133.19","protein_coding"
"APOD","Apolipoprotein D","down",-3.17740065350226,1.24662120406056e-09,8.97990433333333,0.864669,"Secreted to blood","Apolipoprotein","Cancer-related genes, Candidate cardiovascular disease genes, Plasma proteins, Predicted secreted proteins",1310.29,"ENSG00000189058.11","protein_coding"
"ADAMTS14","ADAM metallopeptidase with thrombospondin type 1 motif 14","down",-3.5325850399151,2.05453486804369e-08,1.00310733333333,0.0776803333333333,"Secreted to extracellular matrix","Enzyme","Cancer-related genes, Plasma proteins, Predicted secreted proteins",3.55,"ENSG00000138316.13","protein_coding"
"COL21A1","Collagen type XXI alpha 1 chain","down",-3.59128418987511,7.91311622992289e-11,4.242745,0.389955666666667,"Secreted to extracellular matrix","No annotated function","Predicted intracellular proteins, Predicted secreted proteins",1.81,"ENSG00000124749.19","protein_coding"
"POSTN","Periostin","down",-4.47795870475866,4.95522969088777e-05,1.28253066666667,0.0525303333333333,"Secreted to extracellular matrix","Cell adhesion","Cancer-related genes, Plasma proteins, Predicted secreted proteins",0.52,"ENSG00000133110.17","protein_coding"
"SPON1","Spondin 1","down",-4.8362240120315,1.58574002739068e-15,2.28756166666667,0.0975713333333333,"Secreted to blood","Cell adhesion","Essential proteins, Plasma proteins, Predicted secreted proteins",39.62,"ENSG00000262655.6","protein_coding"
